Top queries,Clicks,Impressions,CTR,Position
motley crews,105,602,17.44%,4.5
motley crews game,89,424,20.99%,3.5
wanted reward cc 10000,64,250,25.6%,3.58
motley crews board game,51,163,31.29%,2.38
motley crew game,26,111,23.42%,3.53
motley crews miniatures,20,106,18.87%,2.45
kal arath,17,539,3.15%,7.45
monster friends battle for new florida,15,236,6.36%,2.91
omen tide,10,371,2.7%,5.75
monster friends game,9,35,25.71%,4.97
tspn tanner simpson,7,48,14.58%,5.17
miniature painting competition uk 2026,6,45,13.33%,8.76
kal-arath,5,311,1.61%,7.6
tanner simpson,5,98,5.1%,6.4
miniature painting competitions 2026,4,95,4.21%,6.53
kal-arath rpg,4,95,4.21%,8.24
motley crew board game,4,29,13.79%,2.41
kal arath rpg,3,211,1.42%,7.44
online miniature painting competition 2026,3,49,6.12%,5.06
online miniature painting competition,3,17,17.65%,5.12
relicblade,2,262,0.76%,6.56
mpo online 2026,2,71,2.82%,5.18
omen tide game,2,61,3.28%,4.61
miniature painting competitions uk,2,14,14.29%,10.07
omen tide tabletop,2,6,33.33%,6.33
tanner simpson’s slum lord,2,5,40%,7.6
victrix miniatures,1,147,0.68%,27.24
necroraw,1,130,0.77%,10.48
necro raw,1,112,0.89%,8.23
warmachine academy,1,69,1.45%,5.14
tspn game,1,57,1.75%,7.02
tspn rpg,1,34,2.94%,7.59
tspn game rules,1,26,3.85%,7.65
dolmenwood,1,26,3.85%,37.85
castle grief,1,19,5.26%,10.84
teaspoon tanner simpson,1,18,5.56%,6.67
tspn rules,1,16,6.25%,5.81
wahapedia necromunda,1,14,7.14%,9.21
relicblade miniatures,1,14,7.14%,13.43
tanner simpson tspn,1,7,14.29%,5.86
necromunda wahapedia,1,7,14.29%,12.29
necromunda gang builder,1,7,14.29%,19.14
dolmenwood classes,1,5,20%,38.2
kal arath review,1,4,25%,12.5
metal king studios,1,3,33.33%,19
trench crusade manual,1,1,100%,14
mage knight coop,1,1,100%,30
que es,1,1,100%,31
omentide,0,158,0%,7.44
warmachine games,0,128,0%,30.25
wanted reward,0,125,0%,8.92
tspn,0,122,0%,9.05
warmachine game,0,90,0%,35.33
wartable warmachine,0,85,0%,7.48
warmachine,0,72,0%,43.15
dolmenwood character creation,0,70,0%,8.59
victrix,0,63,0%,27.11
dolmenwood character creator,0,53,0%,9.47
#warmachine latest,0,53,0%,18.32
warmachine miniatures,0,51,0%,47.55
necro raw necromunda,0,49,0%,9.29
warmachine online,0,40,0%,8.7
warmachine army builder,0,39,0%,9.92
warmachine tabletop,0,38,0%,47.5
resin cleaning,0,37,0%,43.38
miniature painting competitions,0,34,0%,10.06
dolmenwood character generator,0,33,0%,17.18
simpsominiatures,0,32,0%,7.56
necromunda raw,0,32,0%,8.28
skirmish tabletop game trench crusade -trenchcrusade.com,0,30,0%,7.2
gloam rpg,0,28,0%,8.25
painting trench pilgrims,0,27,0%,8.04
how to start warhammer miniature painting commission business,0,27,0%,8.63
warmachine wargame,0,27,0%,15.37
victrix miniatures review,0,26,0%,14.81
war machine game,0,25,0%,34.2
castle grief shopify,0,22,0%,6.77
relic blade,0,22,0%,22.64
how to play necromunda,0,22,0%,31.91
sword and brush 2026,0,20,0%,6.3
eloryn,0,20,0%,19.45
bellwoken,0,17,0%,7.24
dolmenwood character sheet,0,17,0%,29.35
war machine tabletop,0,15,0%,40.27
orc the brand,0,14,0%,3.86
#warmachine latest latest,0,14,0%,15.29
how to clean resin prints with alcohol and water,0,14,0%,24.93
mage knight database,0,14,0%,28.43
warmachine miniatures game,0,14,0%,34.71
warmachine minis,0,14,0%,44.36
warmachines,0,14,0%,49.93
gloam ttrpg,0,13,0%,8.38
warmachine tabletop game,0,13,0%,25.38
pale ork,0,12,0%,9.67
miniature painting competition,0,12,0%,11
skirmish games,0,12,0%,34
relic blade game,0,11,0%,7.55
necroraw 2026,0,11,0%,10
kal arath pdf,0,11,0%,11.27
squidmar open 2026,0,11,0%,11.36
trench crusade warband builder,0,11,0%,41.45
trench crusade compendium,0,11,0%,49.27
warmachine tactics,0,11,0%,67.82
kalarath,0,10,0%,4.6
pale ork skin,0,10,0%,6
wanted 10000 reward,0,10,0%,7.4
backerkit deathbringer,0,10,0%,9
necromunda kitbash,0,10,0%,11
relicblade terrain,0,10,0%,11.9
monster friends,0,10,0%,15.1
warmachine rpg,0,10,0%,30.9
monster friends orc the brand,0,9,0%,4.33
relicblade game,0,9,0%,6
teaspoon game,0,9,0%,7.89
deathbringer backerkit,0,9,0%,8.33
kal-arath pdf,0,9,0%,12.22
dolmenwood magician,0,9,0%,12.33
_nubmark,0,8,0%,5.38
teaspoon rpg,0,8,0%,7.88
miniature painting competition uk,0,8,0%,10.25
how to paint bronze metal,0,8,0%,13.12
how to bronze metal,0,8,0%,27
warmachine board game,0,8,0%,39.5
how to make speedpaint into a wash,0,7,0%,6
tanner simpson teaspoon,0,7,0%,6
dolmenwood moon sign,0,7,0%,9.57
necroraw necromunda,0,7,0%,9.86
metal king studio,0,7,0%,15
miniature painting contest,0,7,0%,15.29
dolmenwood players book,0,7,0%,17.71
warmachine list builder,0,7,0%,18.14
war machine miniatures,0,7,0%,50
orcthebrand,0,6,0%,5.5
mage knight miniatures list,0,6,0%,8.83
how to start necromunda,0,6,0%,10.5
necromunda app,0,6,0%,10.83
gardens of hecate,0,6,0%,15.83
hobby vlog,0,6,0%,18.33
trench crusade builder,0,6,0%,41.33
museum of london barbican,0,6,0%,89.67
teaspoon (or often just tspn) is a game by tanner simpson,0,5,0%,6
akulon thaemestra,0,5,0%,6.8
warmachine ttrpg,0,5,0%,8.2
tanner simpson slum lord,0,5,0%,8.4
creepy skin texture art,0,5,0%,9
monster friend,0,5,0%,9.4
mpo bristol 2026,0,5,0%,9.8
painting bronze metal,0,5,0%,21.8
how to shade bronze,0,5,0%,22.2
war machine rpg,0,5,0%,26
what is warmachine,0,5,0%,27.6
screaming antelope,0,5,0%,32
dolmenwood review,0,5,0%,45.8
crown and skull,0,5,0%,55.2
battle for new florida,0,4,0%,3.25
warmachine community finder,0,4,0%,5.5
dusk final hunt,0,4,0%,7.5
house ellowuyr wardens,0,4,0%,7.5
how to paint trench pilgrims,0,4,0%,7.75
sunrot miniatures,0,4,0%,8.25
snow slurry,0,4,0%,8.5
tspn tabletop game,0,4,0%,8.5
steamforged games,0,4,0%,9
warmachine website,0,4,0%,9
mini painting competition,0,4,0%,9.5
terrain glue,0,4,0%,9.5
play warmachine online,0,4,0%,10
dolmenwood breggle,0,4,0%,11.75
dolmenwood miniatures,0,4,0%,13
solo rpg kit,0,4,0%,15.5
kal arath character sheet,0,4,0%,17
im friends with the monster,0,4,0%,20.25
starting necromunda,0,4,0%,24
reward wanted,0,4,0%,24.25
necromunda builder,0,4,0%,25.25
victrix models,0,4,0%,25.25
warmachine pc,0,4,0%,29
how to make bronze color,0,4,0%,39
prima materia man alone,0,3,0%,7
steamforged games official website,0,3,0%,7
teaspoon ttrpg,0,3,0%,7
omen tide rules,0,3,0%,7.67
wanted rewards,0,3,0%,7.67
warmachine scale,0,3,0%,8.33
what scale is warmachine,0,3,0%,8.33
cc10000,0,3,0%,8.67
neroraw,0,3,0%,9.33
kdm weapon proficiency,0,3,0%,11.33
trench crusade companion,0,3,0%,12.67
relicblade uk,0,3,0%,13.33
mochoch,0,3,0%,15
warmachine miniature game,0,3,0%,16.33
screaming antelope kdm,0,3,0%,19
can you paint bronze,0,3,0%,24.33
goblin skin color,0,3,0%,24.67
how to paint bronze,0,3,0%,25.33
mage army,0,3,0%,25.33
warmachine video game,0,3,0%,25.33
meridian miniatures,0,3,0%,26
warmachine table size,0,3,0%,27.33
hobbyte,0,3,0%,27.67
dolmenwood rules,0,3,0%,29.33
victrix miniature,0,3,0%,30.67
war machine tabletop game,0,3,0%,30.67
cleaning resin prints,0,3,0%,31
chainmail miniatures,0,3,0%,31.33
steamforged,0,3,0%,32.33
warmachine models,0,3,0%,34.67
hobonomicon,0,3,0%,35
kingdom death board game,0,3,0%,36.67
crown and skull rpg,0,3,0%,41.67
trench compendium,0,3,0%,48
cleaning 3d prints,0,3,0%,48.67
victric,0,3,0%,58.33
chainmail: rules for medieval miniatures,0,3,0%,72
london museum barbican,0,3,0%,97.67
cc 10000,0,2,0%,5
karlath,0,2,0%,5
miniature painting trends 2026,0,2,0%,5.5
monster frens,0,2,0%,7
dolemwood,0,2,0%,8.5
tspn miniature game,0,2,0%,8.5
3d printing sucks,0,2,0%,9
deathbringer kickstarter,0,2,0%,9
miniature painting open bristol 2026,0,2,0%,9
relicblade plastic,0,2,0%,9
warmachine official website,0,2,0%,9.5
trench crusade communicant art,0,2,0%,10
wartable online,0,2,0%,11
hobbut,0,2,0%,12
paint belt buckle,0,2,0%,14
warmachine forums,0,2,0%,14
gardens of hecate miniatures,0,2,0%,16.5
reward hunter,0,2,0%,17.5
necrounda,0,2,0%,18
relicblade starter set,0,2,0%,18.5
communicant trench crusade,0,2,0%,22
trench crusade painting,0,2,0%,22
vixtrix,0,2,0%,22.5
painting goblin skin,0,2,0%,24
steamforged warmachine,0,2,0%,24
kalh zath tower,0,2,0%,26.5
painting bronze,0,2,0%,26.5
warmachine army,0,2,0%,29
relic blades,0,2,0%,30.5
washing resin prints,0,2,0%,30.5
kingdom death screaming antelope,0,2,0%,31.5
dolmenwood art,0,2,0%,34
victrix minatures,0,2,0%,35.5
clean resin prints,0,2,0%,36
how to make bases,0,2,0%,38
riddle of the tide in omi,0,2,0%,38
clean resin,0,2,0%,41.5
cleaning resin,0,2,0%,41.5
making marble paper,0,2,0%,42
trench crusade manuals,0,2,0%,43.5
trench crusade army builder,0,2,0%,45.5
how to make marble paper,0,2,0%,47.5
warmachien,0,2,0%,53
how to make marbled paper,0,2,0%,56.5
warmachine: tactics,0,2,0%,64.5
vlog 99,0,2,0%,76.5
museum barbican,0,2,0%,90
warhammer painting competition near me,0,1,0%,1
you did not give me a link,0,1,0%,1
вампиры,0,1,0%,1
ja,0,1,0%,2
kal rath,0,1,0%,3
mage knight emergence,0,1,0%,3
"all of the above, please",0,1,0%,4
houblonomicon,0,1,0%,4
miniature painting open,0,1,0%,5
pale ork skin recipe,0,1,0%,5
yes,0,1,0%,5
deathbringer backer kit,0,1,0%,6
goblin skin tones,0,1,0%,6
inquisitor kroyle sprue,0,1,0%,6
love juice,0,1,0%,6
miniature agnostic skirmish games,0,1,0%,6
relicblonde,0,1,0%,6
"si, me gustaría",0,1,0%,6
breggle,0,1,0%,7
deathbringer miniatures kickstarter,0,1,0%,7
give me an example,0,1,0%,7
re mold,0,1,0%,7
dolemenwood,0,1,0%,8
kickstarter deathbringer,0,1,0%,8
slum lord tanner simpson,0,1,0%,8
trench crusade solo,0,1,0%,8
ts pn,0,1,0%,8
varinax,0,1,0%,8
kdm clinging mist,0,1,0%,9
necropolis28 board,0,1,0%,9
rotspot 2026,0,1,0%,9
sun rot miniatures,0,1,0%,9
company of the fading star,0,1,0%,10
goobinsgitz,0,1,0%,10
miniature painting news may 2026,0,1,0%,10
miniature painting open 2026,0,1,0%,10
miscast permadeath,0,1,0%,10
motley,0,1,0%,10
necromunda rules wahapedia,0,1,0%,10
necroraw site,0,1,0%,10
necroraw website,0,1,0%,10
belt painting latest,0,1,0%,11
cylena,0,1,0%,11
grief castle,0,1,0%,11
steamforged games news,0,1,0%,11
warmachine logo,0,1,0%,11
hobbi shack,0,1,0%,12
trench crusade battle,0,1,0%,12
trench crusade battle report,0,1,0%,12
kingdom survivors,0,1,0%,13
painting belt buckle,0,1,0%,13
necroraw ru,0,1,0%,14
rangers of shadow deep solo play,0,1,0%,14
dungeon stamps kickstarter,0,1,0%,15
fen model show 2026,0,1,0%,15
kingdom death monster weapon proficiency,0,1,0%,15
visions of kal arath,0,1,0%,15
warhammer painting competitions,0,1,0%,15
necroraw discord,0,1,0%,16
trench crusade wargame,0,1,0%,16
malfessor warmachine,0,1,0%,18
kitbashing examples,0,1,0%,19
steam forged games,0,1,0%,19
sunrot minis,0,1,0%,19
zenithal,0,1,0%,19
zenithals,0,1,0%,19
backerkit shadowdark,0,1,0%,20
castlegrief,0,1,0%,20
how to paint bronze effect,0,1,0%,20
painting on bronze,0,1,0%,20
dolmenwood cleric,0,1,0%,21
dolmenwood dungeons,0,1,0%,22
goblin skin colors,0,1,0%,22
how to highlight red,0,1,0%,22
kdm screaming antelope,0,1,0%,22
kingdom death monster build guide,0,1,0%,22
necromunda resources,0,1,0%,22
zenethal,0,1,0%,22
#nilakh,0,1,0%,23
cal arath,0,1,0%,23
kingdom death monster screaming antelope,0,1,0%,23
scrap sword kdm,0,1,0%,23
vicrix,0,1,0%,23
what do i need to play necromunda,0,1,0%,23
coloring bronze,0,1,0%,25
warmachine steamforged,0,1,0%,25
crucible guard,0,1,0%,26
hobby rock,0,1,0%,26
necroraw down,0,1,0%,26
screaming antelope kingdom death,0,1,0%,26
trench crusade creator,0,1,0%,26
1000 reward,0,1,0%,27
relic blade miniatures,0,1,0%,27
sand base,0,1,0%,27
what do you wash resin prints with,0,1,0%,27
cleaning resin 3d prints,0,1,0%,28
how long to wash resin prints in alcohol,0,1,0%,28
how to make the color bronze,0,1,0%,28
kdm build guide,0,1,0%,28
trench pilgrim warband,0,1,0%,28
goblin face paint,0,1,0%,29
how to make bronze paint,0,1,0%,29
how to paint trench crusade,0,1,0%,29
how to wash resin prints,0,1,0%,29
kdm campaigns of death,0,1,0%,29
kingdom death monster butcher,0,1,0%,29
nilakh oxide,0,1,0%,29
trench crusade painting guide,0,1,0%,29
dolmenwood setting,0,1,0%,30
kingdom death monster gameplay,0,1,0%,30
magus draconum,0,1,0%,30
miniature masters 2026 ultra,0,1,0%,30
the warmachine latest,0,1,0%,30
zenithel,0,1,0%,30
fantasy skirmish game,0,1,0%,31
how to make a bronze color,0,1,0%,31
how to wash and cure resin prints,0,1,0%,31
kdm locations,0,1,0%,31
necromunda roster builder,0,1,0%,31
war machine miniatures game,0,1,0%,31
kdm starting survivors,0,1,0%,32
kingdom death build,0,1,0%,32
victix,0,1,0%,32
warmachine discord,0,1,0%,32
warmachine miniature,0,1,0%,32
base casting,0,1,0%,33
kdm settlement events,0,1,0%,33
kingdom death butcher,0,1,0%,33
kingdom death the butcher,0,1,0%,33
trench crusade reference sheet,0,1,0%,33
zanithal,0,1,0%,33
how to clean resin 3d prints,0,1,0%,34
iblobtouch,0,1,0%,34
resin cleaning procedure,0,1,0%,34
dolmenwood campaign,0,1,0%,35
how to make bronze paint color,0,1,0%,35
sandy base,0,1,0%,35
warmachione,0,1,0%,35
i want a monster to be my friend,0,1,0%,36
necroraw.ru,0,1,0%,36
the butcher kdm,0,1,0%,36
warmachine wiki,0,1,0%,36
how to clean resin printer,0,1,0%,37
kdm butcher,0,1,0%,37
arlett kalach,0,1,0%,38
covering bronze,0,1,0%,38
kingdom death monster board,0,1,0%,38
butcher knight trench crusade,0,1,0%,39
pinwashing,0,1,0%,41
victrix games,0,1,0%,41
warmachine wikipedia,0,1,0%,42
what to use to clean resin prints,0,1,0%,42
base making,0,1,0%,43
trench crusade list builder,0,1,0%,43
warband builder trench crusade,0,1,0%,43
the bombinomicon,0,1,0%,44
warmachine mk4,0,1,0%,44
binding zine,0,1,0%,45
isopropyl alcohol for cleaning resin prints,0,1,0%,45
pale orcs,0,1,0%,45
"""trench crusade""",0,1,0%,46
dolmanwood,0,1,0%,48
neophant,0,1,0%,48
king ka thunk's castle stamp,0,1,0%,49
kingdom death: monster game,0,1,0%,50
kingdom of death board game,0,1,0%,50
trench pilgrim,0,1,0%,51
chainmail miniatures game,0,1,0%,52
secret weapon crushed glass,0,1,0%,55
crucible paint color,0,1,0%,56
trench crusade website,0,1,0%,56
best way to sand baseboards,0,1,0%,57
infinity wargame,0,1,0%,57
kingdom death monster board game,0,1,0%,62
kingdom death: monster board game,0,1,0%,62
painting brass,0,1,0%,66
metalking,0,1,0%,67
army themes,0,1,0%,76
how do you marble paper,0,1,0%,81
"trench crusade, game publisher",0,1,0%,82
how to draw a belt buckle,0,1,0%,83
cognifex cyphon,0,1,0%,88
trench pilgrim art,0,1,0%,88
alternate history games,0,1,0%,90
marbleize paper,0,1,0%,93
the museum of london barbican,0,1,0%,93
hobbi.com,0,1,0%,95
the london museum barbican,0,1,0%,96