slug,title,category,pubDate,youtubeId,draft,project,tags,bodyWords,transcriptWords,description
articles/oldhammer-year-2027,2027 Is My Oldhammer Year,Articles,2026-08-23,,true,,"warhammer,competition,hobby-motivation,painting,collection",765,0,"I'm signing up for both the Old World Army Challenge and the 40k 2nd Edition Army Challenge next year. Two armies, six months, a lot of old lead."
articles/online-painting-competitions-2026,Online Miniature Painting & Modeling Competitions for 2026,Articles,2026-03-12,,,,"painting,competition",1508,0,"A comprehensive list of online painting competitions, community challenges, and in-person events for miniature painters in 2026."
articles/rss-feeds,RSS Feeds,Articles,2026-03-20,,,,resources,424,0,"Subscribe to RSS feeds for The Hobbinomicon — get updates on painting, terrain, campaigns, and more delivered to your favorite reader."
resources/mageknight-army-checklist,H0urg1ass's Army Checklist,Articles,2025-12-02,,,,"mage-knight,resources",381,0,Quick reference checklist for building Mage Knight 1.0 armies
resources/mageknight-army-themes,H0urg1ass's Army Theme Guide,Articles,2025-12-02,,,,"mage-knight,resources",2024,0,Guide to basic unit types and major army themes for Mage Knight 1.0
resources/mageknight-attacking-by-numbers,Attacking by the Numbers,Articles,2025-12-02,,,,"mage-knight,resources",1272,0,"Statistical analysis of attack values, defense values, and combat probabilities in Mage Knight 1.0"
resources/mageknight-killing-uniques,Guide to Maiming/Killing Uniques,Articles,2025-12-02,,,,"mage-knight,resources",1376,0,Tactical guide for dealing with major unique figures in Mage Knight 1.0
resources/mageknight-meta,Mage Knight 1.0 Final Meta,Articles,2025-11-20,,,,"mage-knight,resources",3556,0,Mage Knight 1.0 Army Lists from 2003
resources/mageknight-meta-checklist,Mage Knight 1.0 Meta Figure Checklist,Articles,2025-11-30,,,,"mage-knight,resources",485,0,Complete checklist of figures needed to build tournament armies from 2002-2003
resources/mageknight-metals-checklist,Mage Knight Metals Checklist,Articles,2025-12-14,,,,"mage-knight,resources",1054,0,Complete checklist of Mage Knight metal miniatures
resources/mageknight-movement-positioning,Bakerkenn's Guide to Movement and Positioning,Articles,2025-12-02,,,,"mage-knight,resources",1032,0,"Essential tactics for movement, base positioning, and firing arcs in Mage Knight 1.0"
resources/mageknight-resources,Mage Knight 1.0 Resources,Articles,2025-12-06,,,,"mage-knight,resources",315,0,"Archived strategy guides, army builders, and community resources for Mage Knight 1.0 collectors and players"
resources/mageknight-shades-melee-swarm,Shades & Melee Swarm,Articles,2025-12-02,,,,"mage-knight,resources",1572,0,In-depth guide to using Shades for harassment in melee swarm armies in Mage Knight 1.0
resources/mageknight-shakti-strategy-tactics,Shakti's Strategy & Tactics Guide,Articles,2025-12-02,,,,"mage-knight,resources",2978,0,"Comprehensive guide to skirmish tactics, strategic concepts, army building, and figure evaluation in Mage Knight 1.0"
resources/mageknight-stormfox-newbie-guide,Stormfox's Newbie Guide to Mage Knight,Articles,2025-12-02,,,,"mage-knight,resources",1928,0,"Classic strategy guide covering action economy, army building, and special abilities for Mage Knight 1.0"
resources/mageknight-threat-counterthreat,Threat and Counter-Threat,Articles,2025-12-02,,,,"mage-knight,resources",1055,0,"Strategic analysis of target priority, threat assessment, and why big uniques attract harassment in Mage Knight"
vlogs/100-sub-giveaway-and-2026-goals,100 Sub Giveaway and 2026 Goals,Videos,2026-01-05,UJ7z059CLlA,,,giveaway,1051,4836,"Announcing a giveaway for hitting 100 subscribers, plus a deep dive into hobby goals and project planning for the new year."
vlogs/2-color-nmm-easy-peasy-style,2 Color NMM Easy Peasy Style,Videos,2025-09-11,LEubtM-faJ4,,,"nmm,metallics,tutorial,scale-75,glazing",862,2504,"Don't be intimidated by non-metallic metal—it's just poking your mini with watered-down paint. Here's my honest, messy, real-life approach to two-color NMM gold"
vlogs/20-minute-purple-robe,20 Minute Purple Robe,Videos,2026-01-13,3SV43eaK8xw,,,"speed-painting,dolmenwood,cloth,contrast-paints,painting,tutorial",497,3078,"Speed painting a purple robe on a Dolmenwood Breggle using Moody Mauve, chunky stippled highlights, and learning to push contrast without overthinking it."
vlogs/3d-printing-kdm-terrain,3D Printing KDM Terrain,Videos,2026-02-07,gb89E4ogyAM,,kingdom-death,"3d-printing, kingdom-death, terrain",11,224,"A quick update on 3D printing Kingdom Death Monster terrain pieces, including a custom butcher base and encounter terrain."
vlogs/3d-printing-kind-of-sucks,3D Printing Kind of Sucks,Videos,2025-11-04,H8YTDmWmrRw,,,3d-printing,272,319,"Real talk about whether resin 3D printing is worth the time investment—after 2-3 years of daily printing, I'm not sure it is."
vlogs/40-minute-painting-tutorial,40 minute painting tutorial,Videos,2026-05-20,MQDvqi83GUI,,,"painting,glazing, infinity",11,6389,"What's up? We're back. Uh yesterday's video for some reason didn't upload to YouTube. So, I'm going to uh this is where we left off. This is where yesterday's…"
vlogs/a-christmas-oil-wash,A Christmas Oil Wash,Videos,2025-12-25,bq4ratJ4pe0,,,"terrain,washes",188,205,Sneaking in some hobby time on Christmas to apply an oil wash to the terrain board while the family naps.
vlogs/a-new-way-to-paint-skeletons,A new way to paint skeletons,Vlogs,2026-07-10,-gyL3XvlLXc,,,"painting,airbrushing,basing,tutorial,ttrpg",94,1976,"A bone recipe I found by accident on an Infinity commission: blue and orange ink under an airbrushed skin tone, then stippled white. Skelly Joe, about four hour"
vlogs/airbrushing-speed-paints-to-easy-mode-horses,Airbrushing Speed Paints to Easy Mode Horses,Videos,2026-03-18,1clIII5tYBU,,,"airbrushing,speed-painting,army-painter,historical-miniatures",14,267,Experimenting with Army Painter speed paints through an airbrush to paint Norman cavalry horses fast—three different tones in about 45 minutes.
vlogs/almost-done,Almost done,Videos,2026-05-24,zFFKXkdD3js,,,"painting,glazing, infinity",9,0,
vlogs/almost-done-with-dolmenwood-breggle-mini,Almost Done with Dolmenwood Breggle Mini,Videos,2026-01-16,sQBaY0JRxN0,,,"dolmenwood,speed-painting,painting",13,1081,"Finishing up the skin, fur, book, and glasses on this Dolmenwood Breggle miniature using speed paints and chunky tabletop-style highlights."
vlogs/almost-done-with-the-first-mini-of-2026,Almost Done with the First Mini of 2026,Videos,2026-01-02,dal8U5Jw28Y,,,"warmachine,crucible-guard,painting,washes",1017,4379,"Day 112 hobby vlog finishing up a Crucible Guard Toro with custom washes, edge highlighting techniques, and lessons learned about not letting perfect be the ene"
vlogs/anime-filler-episode,"Prima Materia Dice, Orc the Brand, and a Foam Haul",Videos,2026-05-03,iavLv96Y1Mo,,,"unboxing,terrain",10,590,"30 seconds of talking before I have to stop and breathe — but I'm still excited about Man Alone's Prima Materia dice, Orc the Brand's new game, and a stack of f"
vlogs/another-board-done,Finishing a Mossy Terrain Board With an Oil Wash,Videos,2025-12-26,D0aEt18FXQk,,,"terrain,washes",91,82,Quick update showing off the terrain board after the oil wash dried—rich earth tones ready for gaming.
vlogs/another-dolmenwood-miniature-done,Painting Illuminated Text and Magical Pipe Smoke,Videos,2026-01-17,nXE9nRQ8mek,,dolmenwood-pokedex,"dolmenwood,painting",484,1944,Finishing a Dolmenwood miniature with illuminated text on a book and magical pipe smoke effects using dry brushing techniques.
vlogs/another-easy-way-to-paint-faces,Another easy way to paint faces,Videos,2026-05-11,rjIY43gh19k,,,"skin-tones,painting,glazing",13,612,"Yesterday's face was underpaint and glaze. Today's face is Sunny Skin Tone, one Army Painter Dark Tone wash, and a couple of dots for eyes — about ten minutes s"
vlogs/another-new-project-kinda,A Surprise Laser Engraver (and Near-Toxic Gas),Videos,2026-03-10,Hbca94puUPU,,,crafts,11,319,"A random hobby day—base coating a miniature, unboxing a surprise laser engraver from my dad, and learning the hard way about cutting mat safety with lasers."
vlogs/another-random-hobby-day,"Iso Alcohol Mud Texture, a Studio Cleanup, and a Giveaway",Videos,2026-02-23,C0Cu1yMeTI8,,,"terrain,giveaway,midgard",11,863,"A day of wrapping up 3D printing projects, texturing the game board with isopropyl alcohol mud, cleaning the hobby room, and a surprise giveaway for subscribers"
vlogs/another-warmachine-update-video,"Rahara, Thyra, and Fifth Division List Ideas",Videos,2026-01-18,qtSvzjEH8IY,,warmachine,warmachine,481,2246,"Exploring list building ideas for the new War Machine patch with Captain Rahara, Thyra, and Fifth Division strategies."
vlogs/april-3-2026,Building Terrain in the Sun,Videos,2026-04-03,BgK7792QirQ,,,"building, terrain",12,11,Taking the hobby outside for some terrain building in the sunlight.
vlogs/asmr-drybrushing,ASMR Drybrushing,Videos,2025-12-24,mFtmW61xLm8,,,"terrain,dry-brushing",425,510,"A relaxing drybrushing session on a terrain board using Scale Color and Citadel paints, preparing for an oil wash."
vlogs/bald-man-rants-about-ai,Bald Man Rants About AI,Videos,2026-01-08,oghj9splJmM,,,"hobby-motivation,painting",1346,2928,"Thoughts on generative AI, the creative process, and what it means to be human when machines start making our art."
vlogs/basing-and-life-tips,Basing and Life Tips,Videos,2026-01-07,rD-EVz2Ysx0,,,"basing,hobby-motivation,painting",502,996,"Finishing up a base with traditional flock, testing cherry blossom tufts, and a reminder to take a breath when life gets hectic."
vlogs/bellwoken-whimsical-army-set,Bellwoken: A New Whimsical Army Set for Your Wargames,Videos,2026-05-30,BZtw-_IUUFo,,,3d-printing,16,0,A look at the Bellwoken Kickstarter — a whimsical new army set for your wargames.
vlogs/beware-the-monolith-bearer,Beware the Monolith Bearer,Videos,2026-02-22,jQKRBm_2Nbo,,,"kitbashing,sculpting",11,226,"Finishing up a custom monolith bearer miniature conversion with chains, modeling compound, and base work before priming."
vlogs/building-and-cleaning-today,Building and Cleaning Today,Videos,2025-11-16,ShfUV5MkfF0,,,,122,272,A productive day of hobby work—building models and continuing the never-ending quest to organize the hobby space.
vlogs/building-and-paint-prep-day,Building and Paint Prep Day,Videos,2025-12-27,l9GMJBnvmnE,,,"trench-crusade,crucible-guard,warmachine",515,633,"Back in the hobby dungeon after being sick, prepping Trench Crusade and Crucible Guard models for the new year's painting projects."
vlogs/building-kingdom-death-survivors,Building Kingdom Death Survivors,Videos,2026-02-02,LlMRFsDlmt0,,kingdom-death,"kingdom-death,building",11,1180,"Building four custom Kingdom Death Monster survivor miniatures from the incredibly modular sprues, with tips on posing and creating dynamic compositions."
vlogs/building-more-figures-for-trench-crusade,Building More Figures for Trench Crusade,Videos,2025-11-19,9uV6Bfxujeo,,trench-pilgrims,"trench-crusade,building",422,1127,"With the 3D printer down, building nuns and pilgrims the hard way—plus finally committing to paint my metal Mage Knight and Chainmail collections."
vlogs/building-sunrot-miscast-and-newest-gardens-of-hecate-minis,"Building Sunrot, Miscast, and Gardens of Hecate Minis",Videos,2026-03-28,KoUsC-aN7Ds,,,"building,indie-miniatures",15,284,"There's something meditative about building miniatures—scraping mold lines, filling gaps, and zoning out for a couple hours after a hectic week."
vlogs/casting-daemon-heads,Casting Daemon Heads,Videos,2026-02-17,60-gBiW65fY,,,"resin-casting,sculpting,kitbashing",10,472,"Casting custom daemon heads from silicone molds for a hobgoblin conversion project, plus plans for sculpting a blind helmet."
vlogs/casting-my-own-bases,Casting My Own Bases,Videos,2025-10-17,okP03GxXgJA,,,"resin-casting,basing",261,493,Toads and bases going in the molds—found a wholesale supplier 20 minutes away. I'm officially turning into a caster.
vlogs/ceiling-fan-wisdom,Ceiling Fan Wisdom,Videos,2026-04-08,UBPw1TA5e2I,,,"painting,hobby-motivation",10,106,"Some days picking up the paintbrush seems impossible, but even a single brushstroke is more paint than this model had at the start of the day."
vlogs/channel-update,Channel Update,Videos,2026-02-12,EhGLjRf_6I8,,,hobby-motivation,9,1195,"A personal channel update at day 154—talking about the future of Hobby Nomicon, launching dedicated channels for KDM and Warmachine, and some real talk about li"
vlogs/coffee-cup,Coffee cup,Videos,2026-05-22,wu8YavbYjGM,,,"monster-friends,painting,3d-printing",9,2194,"And I definitely would not recommend the wet palette, but if you have a room painter paint brushes, which I didn't even realize I had this."
vlogs/coffee-cup-part-1,Coffee Cup Part 1,Videos,2026-05-16,0E7Bsy7XIIo,,,"monster-friends,3d-printing,painting,basing",411,468,"Pre-shading the 3D-printed coffee cup energy counter for Monster Friends. Stabbed an old X-Acto blade into the base, hit it with diorama thick mud, and worked a"
vlogs/cracking-dungeons-and-dragons-packs-from-1992,Cracking Dungeons & Dragons Packs from 1992,Videos,2026-03-07,SJAJUVoA83Q,,,"dungeons-and-dragons,unboxing",14,450,"Opening a sealed box of 1992 Advanced Dungeons & Dragons collector cards, plus showing off my endgame Cubicle 7 Lord of the Rings dice and new OSE books."
vlogs/creating-space-for-creativity,What 20 Days of Daily Vlogging Taught Me About Creativity,Videos,2025-10-03,ualCx1cHkdw,,,hobby-motivation,938,1591,"Mental, physical, and financial—how do you actually create the space to sit down and make something? Lessons from 20 days of daily vlogging and The War of Art."
vlogs/crucible-guard-base-test-results,Crucible Guard Base Test Results,Videos,2025-12-22,lB3uvf1SLFg,,,"3d-printing,crucible-guard,warmachine,basing",342,483,The custom 3D printed base inserts for Crucible Guard worked perfectly—plus celebrating 100 subscribers!
vlogs/currently-on-the-work-bench,Currently on the work bench,Videos,2026-06-02,2prjCIcmxzA,,,,12,0,
vlogs/daily-hobby-vlog-161,Salvaging an Old Shelf Into a 16x16 Game Board,Videos,2026-02-20,Q_NHP-jw3Go,,,terrain,11,646,"Day 161 of the daily hobby streak—dealing with mold curing issues, salvaging an old shelf for a game board, and planning the next terrain project."
vlogs/daily-hobby-vlog-fixing-some-problems-and-causing-more,Re-Cutting a Toad Mold and Gluing Goblins Wrong,Videos,2025-10-11,SqTkfKeL0kA,,,"resin-casting,sculpting",806,1751,"Sleep-deprived dad energy: fixing toad molds, learning that participation isn't consumption, and discovering I glued figures to basing material instead of the a"
vlogs/daily-hobby-vlog-march-13th,Relic Blade Launch Day and Glazing Maximus,Videos,2026-03-13,x4wE7x7F4f0,,,"relicblade,infinity,painting,glazing",13,259,"Ordering the new Relic Blade plastic kits on launch day, locking in on Infinity commission painting with purple glazing and white panel work on Maximus."
vlogs/daily-hobby-vlog-update,Daily Hobby Vlog Update — April 21,Videos,2026-04-22,OuofWwJzIXM,,,,11,21,"A quick daily check-in — no usable transcript captured, watch the video above for the day's update."
vlogs/daily-hobby-vlog-update-1,Daily Hobby Vlog Update — April 18,Videos,2026-04-19,BHRbqIRzAR0,,,,11,21,"A quick daily check-in — no usable transcript captured, watch the video above for the day's update."
vlogs/daily-vlog-174-painting-purple-flesh,Painting Purple Daemon Skin With Scale 75,Videos,2026-03-04,HWE9Wz2nkbM,,,"painting,scale-75,glazing,skin-tones,competition",13,947,"Painting creepy purple flesh on a custom daemon sculpt using Scale 75 paints—wet blending, glazing, and leaning into mistakes to create a cartoonish grim dark s"
vlogs/daily-vlog-the-airbrush-lives-again-warhammer40k-miniature,The $17 Airbrush Upgrade I Wish I'd Found Years Ago,Videos,2025-10-07,Ed5xB9KtC7w,,,"airbrushing,unboxing,review",375,475,"Quick one tonight—discovered quick-release moisture traps exist after 10+ years of airbrushing. Mind blown, goblins ready for tomorrow."
vlogs/day-4-vlog,Magnetizing Bases and Fixing a Foam Board Disaster,Videos,2025-09-14,a6D5sfV4f4M,,,"basing,motley-crews,terrain",266,783,"Magnetizing bases, the mystery foam problem, and yes I printed off YouTube comments and framed them—that's where we're at."
vlogs/do-you-play-solo-or-coop-rpgs,Do You Play Solo or Co-op RPGs and War Games?,Videos,2026-01-20,2AkTvKgQAh0,,,"solo-rpg,kingdom-death,dolmenwood",349,711,"Exploring the world of solo and cooperative gaming options like Kingdom Death, Forbidden Psalm, Rangers of Shadow Deep, and more."
vlogs/dolmenwood-official-figures-dolmenwood-miniature-dungeonsanddragons,Dolmenwood official figures. #dolmenwood #miniature #dungeonsanddragons,Videos,2025-12-10,P3ts8YDhLZY,,,"dolmenwood,ttrpg",13,0,
vlogs/dolmenwood-players-book-flip-through,Dolmenwood Players Book Flip Through,Videos,2025-12-12,lI90LdLxLhQ,,,"dolmenwood,ttrpg,review,unboxing",733,5162,"A comprehensive flip through of the Dolmenwood Players Book—covering races, classes, character creation, and what makes this TTRPG setting so special."
vlogs/dolmenwood-pokedex-project-ep-1,Dolmenwood Pokédex Project Ep 1,Videos,2026-01-04,mjmdb2nNdvE,,dolmenwood-pokedex,"dolmenwood,speed-painting,contrast-paints,painting",692,2098,Painting a Wodewose for the Dolmenwood Pokédex project using the slap chop method and testing out speed paints.
vlogs/dolmenwood-unboxing,Dolmenwood Unboxing,Videos,2025-12-08,k0GAjUR7UKY,,,"dolmenwood,unboxing,ttrpg",598,2561,"Unboxing my Dolmenwood Kickstarter delivery—books, dice, maps, miniatures, and rolling up a character with the official dice."
vlogs/easy-mode-goblin-faces,Easy Mode Goblin Faces,Videos,2025-11-09,xetQZ0utoz0,,orcs-and-goblins-army,"painting,tutorial,orcs-and-goblins,skin-tones,speed-painting,warhammer",413,1480,"How to make goblin faces really pop in about 8 minutes—teeth, gums, lips, and noses using just a busted up brush and basic techniques."
vlogs/expanding-our-tile-into-a-full-game-board,Expanding Our Tile Into a Full Game Board,Videos,2025-09-19,ceFcBn1RGnc,,motley-crews,"terrain,building",207,373,"From one tile to a 2x3 skirmish board—using Mod Podge in cracks, heat guns on foam, and hoping the drill press keeps things flat."
vlogs/failed-attempt-at-nmm-tutorial,Failed attempt at NMM tutorial,Videos,2026-04-25,PhfNeUaBazg,,,"painting,metallics,airbrushing,glazing,nmm",12,413,"Recorded a full non-metal metallic tutorial, lost the footage, and laid in highlight passes anyway to keep the streak alive — plus calling time on a model I've "
vlogs/final-mail-day-for-a-while,Final Mail Day for a While,Videos,2026-03-27,U70lvI82p8s,,,"unboxing,indie-miniatures,relicblade,warmachine",13,336,Unboxing the Gardens of Hecate Kickstarter from Meridian Miniatures—some of my all-time favorite sculpts—plus a Relic Blade Maximus update and thoughts on falli
vlogs/finally-primed-the-orcs-and-goblins,Finally Primed the Orcs & Goblins,Videos,2025-10-19,i4ufbl1VgJs,,orcs-and-goblins-army,"airbrushing,orcs-and-goblins,unboxing",269,892,"New airbrush unboxing, priming 90+ models, and a secret project reveal—the Creos 771 is definitely the nicest airbrush I've ever used."
vlogs/finding-ways-to-make-progress,"When the Airbrush Breaks, Paint a 20-Year-Old Goblin",Videos,2025-10-02,YYkGBSm41eY,,,"orcs-and-goblins,warhammer,hobby-motivation,kitbashing",589,869,"When the airbrush is broken and you're stuck, pull out that 20-year-old goblin from storage. Don't let setbacks stop you from moving forward."
vlogs/finishing-paint-on-the-shack,Finishing Paint on the Shack,Videos,2025-12-04,x_eHD2hovfY,,love-shack,"terrain,metallics",440,1483,Adding LED lights and painting the metal details on the Love Shack objective marker—true metallic metal techniques with liquid chrome highlights.
vlogs/finishing-the-daemon-prince-and-mail-day,Finishing the Daemon Prince and Mail Day,Videos,2026-02-18,rNEsJTI3-es,,,"sculpting,inq28",14,671,"Sculpting a blind helmet on our custom daemon prince for the Children of Gomb competition, plus an exciting mail day with Smash Rash miniatures and Miscast meta"
vlogs/finishing-touches-in-the-movement-trays,Finishing Touches in the Movement Trays,Videos,2026-03-02,iMYtfQAIua4,,,"basing,midgard,historical-miniatures",13,832,"Wrapping up the movement tray project with autumn grass tufts, plus first impressions of Pillillage after an introductory game at the LGS."
vlogs/finishing-up-random-projects-before-starting-the-next-one,Finishing Up Random Projects Before Starting the Next One,Videos,2025-11-22,0DuJ34OxuQk,,,,559,2304,"Framing Middle-earth maps, priming my 50-point Warmachine list, and maybe fixing my 3D printer—knocking out small projects before the big painting push."
vlogs/finishing-up-the-dnd-cards,Finishing Up the D&D Cards,Videos,2026-03-08,8x0N7JP2W1Q,,,"dungeons-and-dragons,unboxing",12,220,"Finally pulling Dark Sun cards from the 1992 AD&D box, plus mail day with a laser engraver, lathe, table saw, and picking up Sunrot at the LGS."
vlogs/finishing-up-the-nmm,Finishing up the NMM,Videos,2026-05-21,uVn1J0sgAsw,,,"painting,nmm",11,1355,We got to get the final part of this nonmetal metallic finished up so I can start on the colors and everybody's got me finished.
vlogs/first-live-stream,First Live Stream,Videos,2025-09-29,o5Yp2jWK5KA,,,"warmachine,dusk",23,8077,Just testing everything out and getting some models primed.
vlogs/first-one-piece-event-prep,First One Piece Event Prep,Videos,2026-01-10,oFInp75xyn8,,,"card-games,event-recap",982,1689,"How to prepare for your first sealed card game event, with tips from a former pro Magic player jumping into One Piece TCG."
vlogs/fixing-warped-terrain-boards,Fixing Warped Terrain Boards,Videos,2025-09-20,rqFSteBuL_U,,,terrain,255,1068,"The drill press idea failed—boards warped anyway. Here's the plan to fix them with MDF, transition tiles, and a lot of books."
vlogs/get-a-small-win-every-day,Get a Small Win Every Day,Videos,2025-10-21,jxqOWrub8AA,,,hobby-motivation,454,729,"Ever forget how to paint in the middle of a project? Wrong ink, separating paint, cursed goblins—sometimes the win is just gluing a horn back on."
vlogs/getting-the-most-out-of-dirty-down-moss,Getting the Most Out of Dirty Down Moss,Videos,2025-09-17,UZNHLu35fRg,,motley-crews,"dirty-down,weathering,terrain,tutorial",295,969,"Day seven of the board project—the heat gun makes moss bubble up like magic, but watch out for that third-degree burn setting. Disaster and recovery."
vlogs/giveaway-winner,Giveaway Winner!,Videos,2026-01-14,q3_x0lCfY_Y,,,"giveaway,hobby-motivation,mage-knight,workspace,terrain,warmachine",493,1300,"Pulling the 100 subscriber giveaway winner using YouTube API, plus cleaning the hobby space, opening Mage Knight boosters, and finishing the Ultimate Dungeon Te"
vlogs/goblin-skin-recipe,Goblin Skin Recipe,Videos,2025-11-08,knCm6eML9Q4,,orcs-and-goblins-army,"painting,tutorial,orcs-and-goblins,skin-tones,speed-painting",97,86,"Quick tutorial on my goblin skin recipe—Shamrock Green speed paint over yellow and black, finished with Scale Color highlights."
vlogs/gw-got-me-again,GW got me again,Videos,2026-04-23,_vgNi8c7wJM,,,"warhammer,orcs-and-goblins,snow-effects,kitbashing,building,terrain,painting",11,949,"Breaking a three-year no-new-GW streak at my old local store, plus why the daily hobby vlog is winding down so I can start building 40k my way for 11th edition."
vlogs/halloween-channel-update,Halloween Channel Update,Videos,2025-10-31,96d7bzWVMbs,,,"orcs-and-goblins,warmachine,competition",364,1469,"Happy Halloween! Finished the goblin robes, committing to Warmachine as my main game, and planning to practice deployment and turn sequences daily."
vlogs/highlighting-black,Highlighting black,Videos,2026-04-20,wSUgQd-UgWs,,,"painting,glazing,skin-tones,orcs-and-goblins,building,metallics",9,1195,"Glazing up from Tenebris Gray to pearl gray for the dark panels — plus a sink ripping off the wall, another bout of sickness, and thoughts on a new Army Painter"
vlogs/highlighting-red,Highlighting red,Videos,2026-04-15,Cujv-qK-pBc,,,"painting,orcs-and-goblins,airbrushing,dry-brushing,washes,metallics",9,1793,"Another quick one tonight. Uh, vermilion. This was our our airbrushed highlight. The highest point. Got a paper towel here. Not going to use it palette. I'm…"
vlogs/hobbinomicon-com,Hobbinomicon.com,Videos,2026-05-18,eVGqCkafo3w,,,"indie-miniatures,warmachine,unboxing",637,706,"The site is live with every vlog cleaned up and searchable, plus the start of an indie games directory. Also: cracking open a fresh Steamforged Warmachine box t"
vlogs/hobby-hang-out-clips,Hobby Hang Out Clips,Videos,2026-03-14,ZTaZk7xqZAg,,,"painting,infinity,commission,glazing",11,282,"Locking back in on Maximus with purple glazes, white highlighting, and working through the tedious but rewarding process of building up layers."
vlogs/hobby-vlog-and-terrain-inspiration,Hobby Vlog and Terrain Inspiration,Videos,2026-03-20,Qrwnwo2DlhU,,,"metallics,painting,speed-painting,historical-miniatures,relicblade,terrain",12,255,Comparing chainmail painting steps—is the extra work worth it at tabletop distance? Plus nature shots as terrain inspiration for your next build.
vlogs/hobby-vlog-day-117,Hobby Vlog Day 117,Videos,2026-01-06,UCO6jYd9oJ0,,,"dolmenwood,basing,warmachine,dusk,workspace",693,1378,"Rolling for the next Dolmenwood monster, unboxing a Dusk mini crate, flocking bases, and a warning about mistaking planning for doing."
vlogs/hobby-vlog-day-148,Hobby Vlog Day 148,Videos,2026-02-06,NQ8EUMbn4zM,,kingdom-death,"3d-printing,kingdom-death,lego,unboxing",11,506,"Day 148 of the hobby streak—3D printing KDM terrain, building the Butcher, unboxing Lego hauls for DnD bases, and a big family day."
vlogs/hobby-vlog-day-79,Hobby Vlog Day 79,Videos,2025-11-28,a6mkbC5yRxc,,,"trench-crusade,workspace,ttrpg,dolmenwood",530,1421,"Support removal day, organizing the hobby dungeon, and exploring the Book of Antithesis for incorporating occult practices into solo RPG play."
vlogs/hobby-vlog-day-95,Hobby Vlog Day 95,Videos,2025-12-16,ohPmkvBMQdc,,,"dolmenwood,ttrpg",475,632,Finishing up Dolmenwood character sheets and discovering the Langston Mastiff rules for the hunter's animal companion.
vlogs/hobby-vlogging,Rebasing 60 Goblins and Pouring a Base Mold,Videos,2025-10-16,UfEn0evllfU,,,"orcs-and-goblins,basing,resin-casting,glazing",647,1311,"Rebasing 60+ goblins, casting base molds, glazing tongues for 2 hours, and all the tedious progress that doesn't make for exciting video but gets the job done."
vlogs/how-i-clean-my-resin-3d-prints,How I Clean My Resin 3D Prints,Videos,2025-11-27,HQHqKy3R6XI,,,"3d-printing,resin-casting,tutorial,workspace",560,1556,"The secret to getting really clean 3D prints—patience, proper washing with ethanol, and letting everything fully dry before curing."
vlogs/how-not-to-paint-yellow-warmachine-update,How Not to Paint Yellow / Surprise Warmachine Update Thoughts,Videos,2026-01-15,Qf-ZWR11rCQ,,,"painting,warmachine,dolmenwood",17,1331,"Painting yellow robes on a Breggle mini the wrong way (on purpose), plus my hot takes on the new Warmachine patch notes."
vlogs/how-to-create-a-dolmenwood-character,How to Create a Dolmenwood Character,Videos,2025-12-14,FSZhKDaZ3rY,,,"dolmenwood, ttrpg, tutorial",674,1298,"A complete walkthrough of creating a Dolmenwood character—rolling stats, choosing a class, determining background, moon sign, and equipping your adventurer."
vlogs/how-to-get-better-by-playing-yourself,How to Get Better by Playing Yourself,Videos,2026-04-10,SZ661gKzHo4,,,"warmachine,snow-effects,terrain,orcs-and-goblins,resin-casting,battle-report",14,1060,"A complete guide to solo Warmachine practice—why it works, how to deploy against yourself without cheating, and how to get months of improvement in a week."
vlogs/how-to-glaze-for-fun-and-profit,How to Glaze for Fun and Profit,Videos,2025-10-14,TruWEs1SILY,,,"glazing,tutorial,orcs-and-goblins,skin-tones,scale-75",816,1832,"Late night glazing session finishing Mangler Squig skin—the consistency secrets, why you paint from shadow to highlight, and knowing what to focus on for army p"
vlogs/how-to-go-from-0-skills-to-recaster,Vlog: How to Go from 0 Skills to Recaster,Videos,2025-10-10,CDQ0_UAK4_c,,,"resin-casting,tutorial",366,1969,"One month of daily videos! Celebrating by finally casting the Chaos Toad I've had for years—silicone molds, first cast, and discovering my new hobby obsession."
vlogs/how-to-make-scratch-built-terrain-indestructible,How to Make Scratch Built Terrain Indestructible,Videos,2025-12-18,CShIKY5XHRw,,,"terrain,tutorial",398,596,Day 98 pushing through sickness—sealing a terrain board with Mod Podge and glue to make it nearly indestructible like the old Warhammer Fantasy days.
vlogs/how-to-make-terrain-glue,How to make terrain glue,Vlogs,2026-06-27,pz0IBthAuO8,,,"building,orcs-and-goblins,skin-tones,painting,3d-printing,terrain",12,1237,We're finally about to be done with the glue stage on this thing.
vlogs/how-to-marble-paper,How to Marble Paper,Videos,2025-11-30,SX6mCxwR9VQ,,,"crafts,tutorial",555,1940,"Creating marbled paper covers for my wife's poetry book using traditional techniques with carrageenan, ink, and Kodak Photoflow."
vlogs/how-to-paint-brass-gold,How to Paint Brass / Gold,Videos,2026-02-24,S-kIBambcI0,,,"painting,metallics,dry-brushing,washes,vallejo,monolith-bearer",13,636,"Painting a brass helmet on our monolith bearer daemon using true metallic metals—base coat, wash, drybrush, and scratch techniques for a realistic forged metal "
vlogs/how-to-paint-bronze-part-2,How to Paint Bronze Part 2,Videos,2026-02-25,MqDEM3ZrBIU,,,"painting,metallics,dry-brushing,monolith-bearer",13,495,Finishing the brass/bronze metal helmet with layered drybrushing and patina effects to create a realistic forged metal look on the monolith bearer.
vlogs/how-to-paint-crucible-guard-green,How to Paint Crucible Guard Green,Videos,2025-12-29,uveqt5tezyM,,,"airbrushing,speed-painting,crucible-guard,warmachine,tutorial,army-painter",616,858,"The cheat code for achieving that perfect Crucible Guard green using just three speed paints and an airbrush, working from highlights to shadows."
vlogs/how-to-paint-leather-with-just-two-colors,How to Paint Leather with Just Two Colors,Videos,2026-03-24,ZfP1gGmf-aM,,,"painting,leather,contrast-paints,speed-painting,tutorial,historical-miniatures",15,239,"A quick two-color leather painting method using Satchel Brown and Serpent Bite Leather—stipple highlights for worn, realistic results in minutes."
vlogs/how-to-paint-pale-orc-flesh,How to Paint Pale Orc Flesh,Videos,2025-10-25,ULWbGfbXUrQ,,,"orcs-and-goblins,tutorial,skin-tones,streaking-grime,warhammer",275,608,"No-nonsense guide to grim dark pale orc skin using Pallid Wych Flesh, Bugman's Glow, and streaking grime—plus the spit effect secret."
vlogs/how-to-paint-pale-orc-skin-orktober-paintingwarhammer-warhammer40k-ageofsigmar,How to Paint Pale Orc Skin,Videos,2025-10-25,aDv8gCaO3j0,,,"orcs-and-goblins,tutorial,skin-tones,streaking-grime,warhammer",226,257,"No-nonsense guide to grim dark pale orc skin—Pallid Wych Flesh, Bugman's Glow, streaking grime. Plus the spit effect secret: UHU glue."
vlogs/how-to-paint-red-airbrush-vs-drybrush,How to Paint Red - Airbrush vs Drybrush,Videos,2025-10-13,SPlIr3GjXD0,,,"tutorial,orcs-and-goblins,airbrushing,dry-brushing,painting,speed-painting",550,2635,"Recreating Mangler Squig box art two ways—airbrush and drybrush. Same results, different tools. Plus why volumetric painting looks goofy on armies."
vlogs/how-to-paint-talons-and-toesies,How to Paint Talons & Toesies,Videos,2026-03-06,XFBNOEXhTBw,,,"painting,washes,weathering,monolith-bearer,midgard",13,394,"Painting talons, claws, and toes on our custom daemon sculpt with scratchy brush techniques, plus tying the brass helmet back into the skin tones."
vlogs/how-to-paint-the-anchorite-shrine,How to Paint the Anchorite Shrine,Videos,2025-09-25,e41VT6pAmv4,,,"trench-crusade,tutorial,streaking-grime,metallics,painting,terrain",537,1379,"Finishing Trench Crusade with the Anchorite Shrine—purple preshade for silver, aged wood recipe, and streaking grime magic on the Catherine wheel."
vlogs/how-to-paint-trench-crusade-communicant,How to Paint Trench Crusade Communicant,Videos,2025-09-21,-eeA-PtlHys,,trench-pilgrims,"trench-crusade,tutorial,washes,skin-tones",501,1253,"Grim dark painting made easy—oil washes, modified Zorn palette, and blue-tinted skin that looks undead. Whole model in 20 minutes."
vlogs/how-to-paint-trench-pilgrims-fast,How to Paint Trench Pilgrims Fast,Videos,2025-09-22,3zMe3dW878o,,trench-pilgrims,"trench-crusade,tutorial,washes,streaking-grime,speed-painting,skin-tones",575,1313,Two methods for 15-minute Trench Crusade prisoners—oil paints vs streaking grime. Using an envelope as a palette because that's what was on my desk.
vlogs/how-to-paint-white-robes,How to Paint White Robes,Videos,2026-04-03,TdGbVjFl4oA,,,"painting,cloth,glazing,orcs-and-goblins,airbrushing,basing",12,884,Painting white cloth over a purple and red base coat using buff and vanilla white glazes—fast results for infantry-level models.
vlogs/how-to-prepare-bases-for-an-entire-army-quickly-and-cheaply,How to Prepare Bases for an Entire Army Quickly and Cheaply,Videos,2025-10-04,A_vt3K4HU00,,,"basing,tutorial,painting,orcs-and-goblins",253,313,"250 bases in two hours with homemade basing material. Palette knife technique, finger cleaning, and the coffee grounds recipe."
vlogs/how-to-speed-paint-faces,How to speed paint faces,Videos,2026-05-10,hGkLmCqfgDE,,,"painting,skin-tones,glazing,tutorial,orcs-and-goblins,3d-printing",12,580,"Speed-painting an uncanny vampire face for tabletop: Sunny Skin Tone sketched over a Bad Bruise undertone, one watered-down glaze to blend it together, and dot "
vlogs/how-to-start-commission-painting-and-why-you-maybe-shouldn-t,How to Start Commission Painting and Why You Maybe Shouldn't,Videos,2026-04-01,2nFDtjf2pBU,,,"painting, buying-selling, snow-effects, terrain, orcs-and-goblins, warhammer, speed-painting",17,1320,"Real talk on getting into commission painting—how to find clients, how to price your work, and why turning your hobby into a business might not be what you thin"
vlogs/how-to-start-playing-necromunda-easily,How to Start Playing Necromunda Easily,Videos,2025-11-05,zI5TesRUFBk,,,"necromunda,tutorial,resources",216,215,Two essential free resources that make getting into Necromunda way less intimidating—Yaktribe and Necro Raw.
vlogs/how-to-strip-metal-models-call-to-arms-vlog-prep-day-1,How to Strip Metal Models | Call to Arms Vlog Prep Day 1,Videos,2025-09-27,fYtWfI7LLBc,,,"stripping,tutorial,competition",443,801,"Day one of tournament prep starts with stripping. 100% acetone, metal cup, hard bristled brush—getting eBay rescues ready for a new scheme."
vlogs/how-to-turn-foam-to-stone,How to Turn Foam to Stone,Videos,2025-09-15,bnxSKPYdUjc,,motley-crews,"terrain,tutorial",224,426,Day five of terrain building—fixing visible foam cells with AK Natural Texture and getting everything looking like real stone.
vlogs/how-to-use-dirty-down-rust-creating-blood-gore-part-2,How to Use Dirty Down Rust + Creating Blood & Gore - Part 2,Videos,2025-09-26,D_N7e1hX0Ys,,,"dirty-down,weathering,trench-crusade,tutorial",381,735,"Dirty Down Rust reactivation, silver dry brush highlights, and getting disgustingly gory with UHU glue and Blood for the Blood God. Finger painting included."
vlogs/how-to-wash-bright-red,How to Wash Bright Red,Videos,2026-04-11,xecbSOcK1rU,,,"washes, painting, airbrushing, battle-report, orcs-and-goblins, speed-painting, dusk",12,421,Don't wash red with black. Using Army Painter mid brown quick shade to bring out details on bright red Dusk armor without killing the vibrance.
vlogs/i-built-90-goblins-in-5-days,I Built 90 Goblins in 5 Days,Videos,2025-10-09,HG1EykhlbN4,,orcs-and-goblins-army,"orcs-and-goblins,warhammer,building",129,158,"Finally done building! 18 hours of tedious work later, all 90 goblins are assembled. Tomorrow the videos get cool again."
vlogs/i-can-paint-and-ramble-again,I can paint and ramble again.,Videos,2026-05-09,_dliMzXCHo8,,,"painting,airbrushing,metallics,3d-printing,orcs-and-goblins,speed-painting,buying-selling",13,1186,"Back from a long illness and back behind the brush. Where the Infinity commission stands, why airbrushing single models isn't worth it, and the math that makes "
vlogs/i-cleaned-my-workbench,I Cleaned My Workbench,Videos,2026-03-31,58iOUVyBTxY,,,"workspace,warmachine,dusk,commission,smashbash,indie-miniatures",11,284,"Turning the hobby room into a real studio—clean workbench, weekly live stream plans, and laying out the next 60 days of massive projects."
vlogs/i-created-my-first-miniature-thing,I Created My First Miniature Thing,Videos,2026-02-21,wkSEALqkwME,,,"resin-casting,children-of-gomb,sculpting,kitbashing,monolith-bearer",13,583,Casting my childhood hobby rock into resin and discovering it fits perfectly on the daemon prince's back—plus troubleshooting a failed casting session.
vlogs/i-finally-painted-a-goblin,I Finally Painted a Goblin,Videos,2025-10-23,pzZJxwencks,,orcs-and-goblins-army,"orcs-and-goblins,painting,skin-tones,warhammer",311,1530,"After 12 different test goblins and shades of green, finally found one I love—Alizarin Green plus Lime Green doing all the work."
vlogs/i-finished-the-daemon-prince,I Finished the Daemon Prince,Videos,2026-03-12,JGtcVCnOauI,,,"children-of-gomb,painting,basing,dirty-down,inq28",12,435,"Finishing my custom Daemon Prince sculpt—basing, chain touchups, dirty down rust effects, chrome scratches on the mask, grass tufts, and photographing the final"
vlogs/i-finished-the-infinity-models,I finished the infinity models,Videos,2026-05-26,IKX_sQ1XA2c,,,infinity,12,442,So I'm going to sit down and finish up this Infinity.
vlogs/i-fixed-my-contrast-paint-problems,I Fixed My Contrast Paint Problems,Videos,2025-10-27,LVCm4HrsUTA,,,"contrast-paints,speed-painting,tutorial,orcs-and-goblins",200,313,The secret to contrast paints that nobody told me—use a synthetic brush! Thanks Jay for the tip that changed everything.
vlogs/i-m-late-but-this-is-so-good,I’m late but this is so good.,Videos,2026-03-25,OcjQ4RESCKI,,,,14,0,
vlogs/i-received-my-new-relic-blade-plastic-kits,I Received My New Relic Blade Plastic Kits,Videos,2026-03-16,0M9xJtGTJy8,,,"relicblade,unboxing,review",15,388,"Unboxing the brand new Relic Blade plastic kits from Metal King Studio—Battle Pigs, Bone and Darkness, incredible sprue quality, and why you should buy Relic Bl"
vlogs/i-spent-an-entire-day-painting-tongues,I Spent an Entire Day Painting Tongues,Videos,2025-10-15,yJnGR6rJZ54,,,"orcs-and-goblins,painting,warhammer,speed-painting",191,418,A whole day of painting squig tongues set to music—plus cutting in details with black to protect all that hard work on the skin.
vlogs/i-took-two-days-to-paint-a-candy-cane,I Took Two Days to Paint a Candy Cane,Videos,2026-01-31,ZAxbFi2wO68,,,"painting,lego",319,703,"Keeping the hobby streak alive post-vasectomy, plus tips on buying bulk Lego through Whatnot and progress on the Lego D&D system."
vlogs/if-you-can-make-it-through-today-you-can-make-it-through-tomorrow,If You Can Make It Through Today You Can Make It Through Tomorrow,Videos,2026-01-09,VuRENB3cAOU,,,"hobby-motivation, warmachine",215,210,Day 120—the hardest day since starting the channel. Five minutes of paint on a model to keep the streak alive and the reminder we all need sometimes.
vlogs/im-not-a-competitive-wargamer-anymore,I'm Not a Competitive Wargamer Anymore,Videos,2026-01-19,BaxmuP1wSwI,,,"warmachine,competition,hobby-motivation,painting,commission",13,614,"Coming to terms with the reality that with kids and limited gaming time, competitive wargaming isn't realistic—and embracing being a hobbyist instead."
vlogs/infernal-diaries-day-1,Infernal Diaries Day 1,Videos,2026-04-07,Z98boZ7WrOo,,,"basing, painting, warmachine, orcs-and-goblins, snow-effects, 3d-printing, terrain",11,352,"Starting the Infernals journey—basing a fresh 3D-printed army, building a 30-point learning list with Agathon, and figuring out essence management."
vlogs/infernal-diaries-two-quick-channel-update,Infernal diaries two - quick channel update.,Videos,2026-04-27,mRyVw6Zg5KQ,,,"painting,event-recap,warmachine,orcs-and-goblins,dusk",14,380,"Career changes pulled all my game days, so the Pillage and Midgard projects are officially shelved — letting go of trying to play and refocusing on painting and"
vlogs/international-lego-day-and-kdm-episode-6,International Lego Day and KDM Episode 6,Videos,2026-01-29,11UWJ_dI5Go,,kingdom-death-monster,"kingdom-death,kdm-hesychia,lego,solo-rpg,ttrpg",445,5381,"Starting the Lego D&D game development journey, plus another successful White Lion hunt with great resource pulls in Kingdom Death Monster."
vlogs/its-ok-to-not-paint-your-miniatures,It's Ok to Not Paint Your Miniatures,Videos,2025-11-06,P1GOFEHZAVU,,,"hobby-motivation, infinity",475,1013,Realizing the 'everything must be painted to play' rule was holding me back. Giving myself permission to have fun with my toys without the pressure.
vlogs/june-24-2026,"June 24, 2026",Vlogs,2026-06-25,GcHSzAnG2gs,,,"painting,orcs-and-goblins,building",10,41,Quick update on the teaspoon diorama. Didn't post last night cuz I'm just waiting on glue to dry still.
vlogs/just-rambling,A Game Board Turned Into Its Own World,Videos,2025-09-18,K0yMZE40kzs,,,"hobby-motivation,terrain,warhammer",728,1352,"Seven days in and I've found something I didn't realize I'd lost. The board started telling its own story, and for the first time in years, I'm truly back in th"
vlogs/just-showing-up-fixed-my-3d-printer,Fixing My 3D Printer by Reflashing the Firmware,Videos,2025-10-18,pinAzyP--G0,,,"3d-printing,orcs-and-goblins,warhammer",380,938,"Day 38, kids getting sick, almost didn't make a video—but I fixed my 3D printer by just showing up and doing the work. Reflashed the firmware and we're back in "
vlogs/just-vloggin,Just Vloggin,Videos,2025-11-02,1WpHOp1ViNo,,,"orcs-and-goblins,warhammer,indie-miniatures",388,1650,"Painting mangler squigs, finishing up the goblin army, and discovering the Gardens of Hecati Kickstarter—plus committing to finish goblins by Friday no matter w"
vlogs/kal-arath-episode-2,Kal Arath Episode 2,Videos,2026-05-04,2m6o1Wajg-A,,,"kal-arath,solo-rpg",11,1532,"Putting Man Alone's Prima Materia dice to work — Garen and the praying mantis bond, get caught in a thunderstorm, find a desecrated giant skull, and fight off t"
vlogs/kal-arath-episode-4,Kal Arath Episode 4,Videos,2026-05-08,1cOSjcVHSGI,,,"kal-arath,solo-rpg",11,866,"Storm finally breaks. A hidden shrine reveals a rival cult, an angry giant ambushes the campfire, and the battle barge wreckage turns up at last."
vlogs/kal-arath-live-play-episode-3,Kal Arath Live Play Episode 3,Videos,2026-05-05,LQd3wUo9FgY,,,"kal-arath,solo-rpg",13,985,"Looting the cultists, getting attacked by six wolves at night, and using Castle Grief's Twin Sun Sutra cult generator to find out exactly which sect we just pis"
vlogs/kal-arath-live-play-session-1,Kal Arath Live Play Session 1,Videos,2026-04-17,2_g2ZQ2E_0E,,,"solo-rpg,kal-arath",13,2872,"A full solo RPG session in Kal Arath — rolling up Garen Vosque, a decommissioned soldier stranded in the desert, and stumbling into a wrecked battle barge and a"
vlogs/kdm-episode-7,KDM Episode 7: Settlement Phase and Party Building,Videos,2026-01-29,2AQ3WFIZgjs,,kingdom-death-monster,"kingdom-death,kdm-hesychia,solo-rpg",387,2241,"Deep settlement phase management in Kingdom Death Monster - crafting gear, managing weapon proficiencies, and preparing for the Screaming Antelope."
vlogs/kdm-episode-8-screaming-antelope-hunt-phase,KDM Episode 8: Screaming Antelope Hunt Phase,Videos,2026-02-01,QkvYdPEftsA,,kingdom-death-monster,"kingdom-death,kdm-hesychia,solo-rpg",336,1092,"Building the Screaming Antelope model, recovering from chaos (dogs got into the game room), and completing the hunt phase before the first antelope showdown."
vlogs/kdm-settlement-1-ep-3-our-first-hunt,KDM Settlement 1 Episode 3 - Our First Hunt,Videos,2026-01-25,FrEXnCJSQAo,,kingdom-death-monster,"kingdom-death,kdm-hesychia,solo-rpg",657,3327,"The first proper hunt phase in Kingdom Death Monster - crafting gear, random events, and preparing to face the White Lion again."
vlogs/keeping-the-hobby-streak-alive,Keeping the Hobby Streak Alive,Videos,2026-01-30,OZYWfDblpf8,,,"painting,hobby-motivation",292,478,"Painting through recovery - if I can hobby through RSV, bronchitis, pneumonia, and an ER trip, I can hobby through a vasectomy."
vlogs/keeping-the-hobby-streak-alive-1,Keeping the hobby streak alive.,Videos,2026-03-23,0xSDcjNIZ7E,,,"glazing,painting,tutorial,infinity",12,192,Working on the purple highlights for Maximus with layered glazes and edge highlights to push the brightness.
vlogs/kingdom-death-monster-1st-butcher-fight-part-1,Kingdom Death Monster: 1st Butcher Fight - Part 1,Videos,2026-02-08,Grnu1fzjpmg,,kingdom-death,"kingdom-death,solo-rpg,ttrpg",16,341,Part one of our first butcher showdown in Kingdom Death Monster—a terrifying boss fight that claims our archer's life and pushes our survivors to the limit.
vlogs/kingdom-death-monster-antelope-fight,Kingdom Death Monster: Antelope Fight,Videos,2026-02-04,NZPi_m412f8,,kingdom-death,"kingdom-death,solo-rpg,ttrpg",12,498,"Our first Screaming Antelope showdown in Kingdom Death Monster—a blind playthrough with 3D printed terrain, new survivor builds, and a no-casualty victory."
vlogs/kingdom-death-monster-blind-playthrough-part1-setup,Kingdom Death Monster Blind Playthrough Part 1: Setup,Videos,2026-01-22,XbSRLWFtUTk,,kingdom-death-monster,"kingdom-death,kdm-hesychia,solo-rpg,unboxing,workspace",500,2177,"Going completely blind into Kingdom Death Monster - unboxing, building miniatures, and setting up for the first hunt."
vlogs/kingdom-death-monster-butcher,Kingdom Death Monster: Butcher (Part 2),Videos,2026-02-09,AQgw_WNGrqo,,kingdom-death,"kingdom-death,solo-rpg,ttrpg",13,519,"The conclusion of our first butcher fight—restarted after discovering rule mistakes, featuring Hack City, two survivor deaths, and a hard-won victory via death "
vlogs/kingdom-death-monster-episode-4,Kingdom Death Monster Episode 4,Videos,2026-01-27,ylL1oLn8roE,,kingdom-death-monster,"kingdom-death,kdm-hesychia,solo-rpg",631,8599,"A brutal second hunt against the White Lion - losing survivors, starting over with a new settlement, and falling deeper in love with Kingdom Death Monster."
vlogs/kingdom-death-monster-episode-5,Kingdom Death Monster - Episode 5,Videos,2026-01-27,0ZNVWytveDU,,kingdom-death-monster,"kingdom-death,kdm-hesychia,solo-rpg",540,6683,"A brutal White Lion showdown where Sophia almost dies, learning about survival abilities, and discovering I've been cheating with the Encourage action."
vlogs/kingdom-death-monster-lantern-year-4-settlement-phase,Kingdom Death Monster: Lantern Year 4 Settlement Phase,Videos,2026-02-05,IfGZAHjOT5g,,kingdom-death,"kingdom-death,solo-rpg,ttrpg",15,486,"The Lantern Year 4 settlement phase after the antelope fight—lights in the sky, innovating paint and sculpture, rolling twins from intimacy, and preparing for t"
vlogs/kingdom-death-monster-lantern-year-5,Kingdom Death Monster - Lantern Year 5,Videos,2026-02-12,XFlC3Dx2Gu8,,kingdom-death,"kingdom-death,solo-rpg,ttrpg",14,437,"Lantern Year 5 in our KDM campaign—fighting a second Screaming Antelope with upgraded survivors, dealing with permanent injuries, and pushing toward the mid-gam"
vlogs/kingdom-death-monster-settlement-1-ep-2,Kingdom Death Monster - Settlement 1 Episode 2,Videos,2026-01-24,LyBmt-fP3vM,,kingdom-death-monster,"kingdom-death,kdm-hesychia,solo-rpg",512,3090,"The first settlement phase in Kingdom Death Monster - establishing our home, becoming cannibals, and building our first gear."
vlogs/kingdom-death-monster-settlement-1-episode-1,Kingdom Death Monster: Settlement 1 - Episode 1,Videos,2026-01-23,UKR52kvg6K0,,kingdom-death-monster,"kingdom-death,kdm-hesychia,solo-rpg",445,4255,"The first showdown against the White Lion in Kingdom Death Monster - learning combat, critical wounds, and the harsh reality of this brutal game."
vlogs/lava-rock-diorama-for-teaspoon-part-1,"Building Teaspoon's Lava Rock Diorama, Part 1",Vlogs,2026-06-23,fMeIbK-PhK0,,,"building,orcs-and-goblins,basing,painting,3d-printing,stripping,terrain",1735,0,I tore up an old prize-winning Shadespire board to build a volcanic reef. Mostly this one is about getting cork to stop looking like cork.
vlogs/lego-dnd-prep,Lego D&D Prep,Videos,2026-02-28,-b_UI-4-nxg,,,"dungeons-and-dragons,lego,ttrpg",10,740,"Prepping to DM for my kids using the Lego D&D set—building the first scene, reviewing the Red Dragon's Tale adventure, and reminiscing about my history with eve"
vlogs/limping-through-day-100-with-bases,Limping Through Day 100 with Bases,Videos,2025-12-20,juP4oQlqbbM,,,"3d-printing,basing,crucible-guard",375,559,Day 100 of hobby vlogging while being the sickest I've been—3D printing custom bases using the Z-index trick in Lychee Slicer.
vlogs/lobster-kisses,Lobster kisses,Vlogs,2026-06-11,6wwB7Vk7Tu8,,,"glazing,airbrushing,orcs-and-goblins,painting,washes",9,112,"Forgot to pull the camera and record, but I just went back in over the airbrush work with the ink and I just glazed it cuz I didn't like that transition..."
vlogs/loose-ends-and-crown-and-skull-session-0,Loose Ends and Crown & Skull Session 0,Videos,2025-11-23,uwKk6ID2qMA,,,"ttrpg,solo-rpg,crafts,airbrushing,trench-crusade",456,2187,"Creating characters in Crown & Skull for a solo campaign, making pixel art, and getting the airbrush working again for the painting journey ahead."
vlogs/mage-knight-dungeons-solo,Mage Knight Dungeons Solo,Videos,2025-12-31,kMEuyyNfMLE,,,"mage-knight,solo-rpg,ttrpg",859,8767,"A full solo playthrough of Mage Knight Dungeons using custom rules, exploring mechanics for potential game design inspiration."
vlogs/mail-day,Mail Day,Videos,2025-11-01,8RkBilxIOcU,,,"unboxing,warmachine,dusk",279,771,Unboxing a secondhand Warmachine model and the Steamforge Fantasm—finding out what survived the postal service and going all in on Dusk.
vlogs/mail-day-1,Mail day,Videos,2026-04-28,aHxlC1qboo8,,,"painting,metallics,warmachine,mage-knight,orcs-and-goblins,unboxing",9,174,Old Mage Knight metal activation tokens finally landed for $5 — opening up the box and figuring out what to do with them.
vlogs/mail-day-and-what-s-coming-next,Mail day and what’s coming next,Videos,2026-05-28,IGEmqUB8X2U,,,"building,warmachine,orcs-and-goblins,basing,metallics,airbrushing,terrain",13,485,"What's up? Quick one tonight. Uh things are returning back to normal. Tomorrow I'll be back on the channel. But uh my first order, they sent me the stuff I was…"
vlogs/mail-day-rare-ral-partha-and-mage-knight-metals,Mail Day - Rare Ral Partha and Mage Knight Metals,Videos,2025-12-13,tZUX53gHsgw,,,"mage-knight,collection,unboxing",570,741,Unboxing some incredibly rare Mage Knight metal limited edition miniatures and Ral Partha sculpts that most people don't even know exist.
vlogs/make-your-own-base-texture,Make Your Own Base Texture,Videos,2025-09-28,jwb1iXEWtSk,,,"basing,tutorial",242,744,"DIY basing material recipe that costs almost nothing—spackle, baking soda, coffee grounds, and paint. Almost identical to expensive brand name stuff."
vlogs/making-a-board-for-motley-crews,Making a Board for Motley Crews,Videos,2025-09-13,6sEXvpIE3KU,,motley-crews,"terrain,motley-crews,building",237,888,Day three of terrain building—cutting foam with a hot wire into a checkerboard pattern for Molly Crew. What can you get done in an hour?
vlogs/making-a-mold-to-recast-and-customize-miniatures,Making a Mold to Recast and Customize Miniatures,Videos,2026-02-16,Muy6fNAUH0E,,,"resin-casting,children-of-gomb,kitbashing,sculpting",15,374,Taking a break from sculpting to make a silicone mold of Daemon Prince heads using Moldstar 15 Slow—prepping for custom head swaps and conversions.
vlogs/making-progress-on-maximus,Pushing Through Maximus's White and Purple Armor,Videos,2026-01-12,tMSqCDGiNW4,,,"painting,crucible-guard,dolmenwood,warmachine",593,870,"A hobby vlog about pushing through tough days, organizing the hobby room, and finishing up some Crucible Guard and Dolmenwood miniatures."
vlogs/making-some-additions-to-the-board,Making Some Additions to the Board,Videos,2025-11-10,hqOyMAhSgLA,,motley-crews,"terrain,motley-crews,indie-miniatures",343,570,Day 60 celebration—finishing the Molly Crew board with stone terrain pieces inspired by Turkish quarries and a creepy Demon Prints head.
vlogs/making-stats-for-our-teaspoon-pet,Making stats for our teaspoon pet,Vlogs,2026-06-18,YesEKDUj7us,,,"orcs-and-goblins,painting,weathering,building,basing,terrain",13,353,Today we're going to generate our little pet for Teaspoon. I printed it off. Some reason there's lines on just his picture. But here we go.
vlogs/making-zines-is-easy-with-the-right-tools,Making Zines Is Easy with the Right Tools,Videos,2026-03-30,olUDGc3KdSQ,,,"crafts,kal-arath,tutorial",15,518,"Scoring, folding, saddle stitching, and Coptic binding—everything you need to know to start making your own zines and hand-bound books at home."
vlogs/may-24-2026,"May 24, 2026",Videos,2026-05-25,6jPo7HD72Z8,,,"airbrushing,basing,painting,cloth",10,60,I got these guys all done today. Except for the base. Got to do the base. And more I'm going to airbrush that shield tomorrow.
vlogs/may-26-2026,"May 26, 2026",Videos,2026-05-27,Yjx7PWRq4ek,,,,10,0,
vlogs/may-5-2026,Wanted! Reward: CC 10000 Appliances on the Print Bed,Videos,2026-05-06,fAUU1X5H7UI,,,3d-printing,10,49,3D printed some appliances from Ex Obscuris' Wanted! Reward: CC 10000 Appliance Pack. Planning to copy the artist's Miller High Life-style paint scheme.
vlogs/merging-stl-files-has-me-feeling-like-a-god,Merging STL Files Has Me Feeling Like a God!,Videos,2025-12-23,gwI2KWV49uc,,,3d-printing,61,48,A quick update on getting 3D printing to work despite being sick enough to need an emergency room visit.
vlogs/midnight-kitbashing,Kitbashing an Ogryn with a Cursed City Head,Videos,2025-09-30,eyHO9QuQ-Xo,,,"kitbashing,warhammer,sculpting",152,224,"Two hours condensed into two minutes—Ogryn body, Cursed City head, green stuff fur helmet. Making that conversion I've had on my mind for weeks."
vlogs/midnight-kitbashing-continues,"Ogryn Kitbash Part 2: Shoulders, Staff, and Story",Videos,2025-10-01,d7CjMnFIxLc,,,"kitbashing,necromunda,inq28,sculpting",339,693,"Shoulder pads, Necromunda Maltek Stalker inspiration, and swapping the Disco Lord staff for a Terminator one. The sketch is in."
vlogs/mistakes,Fixing a Bad Speed Paint Job,Videos,2025-09-12,QCjlBMVLLOo,,,"hobby-motivation,cloth,painting",407,709,"Day two—no plan, just making videos. Don't run from the robe you messed up. Sit back down, grab some blues, and make it look like Vivi from Final Fantasy."
vlogs/monster-friends-energy-counter,Monster Friends Energy Counter,Articles,2026-05-12,,true,,"monster-friends,3d-printing,crafts",90,0,Turning a 3D-printable action-figure coffee cup into an oversized Energy Counter for Monster Friends.
vlogs/more-cleaning-vlog,More Cleaning Vlog,Videos,2025-11-21,DmkcgdJh7dc,,,"workspace,trench-crusade,warmachine,dusk",426,788,Finally cleared the gaming table and still riding that Trench Crusade high—plus the massive time savings from knowing where your tools are.
vlogs/more-daemon-prince-progress,More Daemon Prince Progress,Videos,2026-02-14,-MA7hIaPSy8,,,"children-of-gomb,sculpting,kitbashing,inq28",11,398,"Finishing the back of my custom Daemon Prince sculpt—gap filling, adding mushroom details, and planning the legs for my Children of Gomb competition entry."
vlogs/more-progress-on-everything-im-working-on,More Progress on Everything I'm Working On,Videos,2025-11-26,K68OeFZOx_w,,,"3d-printing,trench-crusade,leather",286,534,"Morning coffee, belt buckle progress, 3D printer test prints, and planning which Trench Crusade armies to print. Happy Thanksgiving!"
vlogs/more-progress-on-the-children-of-gomb-entry,More Progress on the Children of Gomb Entry,Videos,2026-03-09,bWV0v1u65es,,,"children-of-gomb,midgard,painting,historical-miniatures,inq28",15,380,"Playing Pillage for the first time, learning that cavalry is overpriced, picking up new miniatures, and painting the rusty chain on my competition entry."
vlogs/more-progress-on-the-normans,More Progress on the Normans,Videos,2026-03-29,U2xyTaIwI48,,,"painting,historical-miniatures,leather,metallics,speed-painting",12,257,"Painting leather, chainmail highlights, gold buckles, blue fabric, and skin tones on a Norman foot soldier—getting close to a finished test model."
vlogs/my-favorite-trench-crusade-bases,My Favorite Trench Crusade Bases,Videos,2025-12-02,YCUJF8LpfME,,trench-pilgrims,"trench-crusade,basing,3d-printing,indie-miniatures",532,1062,Magnetizing and preparing Legends Games bases for my Trench Crusade warband—the perfect balance of detail without taking forever to paint.
vlogs/my-first-one-piece-tcg-event,My First One Piece TCG Event,Videos,2026-01-11,0kuendiUvs4,,,"card-games,competition",898,2329,"Jumping into competitive One Piece TCG, learning the rules the hard way, and why this game might fill the void that Magic left behind."
vlogs/my-minimal-solo-rpg-kit,My minimal solo rpg kit,Videos,2026-04-17,u76C8PW2thU,,,"painting,solo-rpg,snow-effects,orcs-and-goblins,terrain,basing",12,2233,Trying something new today. I think I found my perfect lightweight solo RPG system. I haven't actually played a game of Krath. I've read the rule book front to…
vlogs/my-tips-on-buying-selling-trading-warhammer-miniatures,"My Tips on Buying, Selling, Trading Warhammer Miniatures",Videos,2025-10-29,rBCM15n5mpo,,,"buying-selling,tutorial",405,1275,"North America focused guide on the safest ways to buy, sell, and trade miniatures—eBay, Reddit, Discord, and why you should ALWAYS use PayPal Goods and Services"
vlogs/necromunda-kitbashing-and-giveaway-winners,Necromunda Kitbashing & Giveaway Winners,Videos,2025-11-07,SfFaP1gTzTI,,,"necromunda,kitbashing,giveaway",360,1084,Building a ragtag Venator gang from the bits box—plus announcing the toad giveaway winners and breaking down all the kit bash sources.
vlogs/new-army-project-officially-started,New Army Project Officially Started,Videos,2025-11-15,8-HYKrr_U6Y,,,"warmachine,dusk",181,234,Kicking off my Warmachine Dusk army—starting with the Frozen and Forgotten battlegroup and planning out the painting approach.
vlogs/new-warmachine-caster,New Warmachine Caster — Infernals Complete,Videos,2026-04-06,VH4-x4Snj74,,,"resin-casting,warmachine,airbrushing,3d-printing",13,83,"The newest Infernal Master is fresh off the 3D printer, marking the completion of printing the entire Infernals faction."
vlogs/next-episode-of-kal-arath-is-almost-ready,Next Episode of Kal Arath is Almost Ready,Videos,2026-05-02,z-z9Fh90H8w,,,"kal-arath,solo-rpg",15,41,"Quick teaser — next episode of Kal Arath is coming soon, with a (hopefully) waterproof pen for better hex maps and the Man Alone Prima Materia dice I've fallen "
vlogs/nmm-blue-steel-scales-and-an-existential-crisis,NMM Blue Steel Scales and an Existential Crisis,Videos,2026-04-14,PO9ecI8IlBU,,,"painting,metallics,orcs-and-goblins,glazing,washes,stripping,3d-printing",15,1342,"Painting non-metallic blue steel scales with Scale Color Artist paints while having a late-night breakdown about the hobby, commissions, and what I'm even doing"
vlogs/no-making-the-same-mistakes-as-i-usually-do,No making the same mistakes as I usually do,Videos,2026-04-30,4OxyVaXwrj4,,,"kitbashing,warhammer,building,buying-selling,painting,event-recap,orcs-and-goblins",16,594,Found two Death Watch sprues and an Imperial Agents Combat Patrol in the pile — laying down ground rules for coming back to 40k for 11th edition without falling
vlogs/old-school-sand-bases,Old school sand bases,Videos,2026-06-01,NlQ-pzek03o,,,"basing,painting,building,airbrushing,terrain",11,1715,"I'm in the garage with the bugs and all. Um, but no, seriously, I have a ton of of minis that I am going to paint pretty much the rest of the year because I…"
vlogs/one-of-my-new-favorites,One of my new favorites.,Videos,2026-05-14,0nbdrYEeI58,,,collection,129,0,Just finished David Lindsay's A Voyage to Arcturus and it's an instant favorite. Going back through it now with a chapter-by-chapter read-along and literary ana
vlogs/opening-20-year-old-mage-knight-boosters,Opening 20 Year Old Mage Knight Boosters,Videos,2025-12-28,MHR0qflZuCc,,,"mage-knight,unboxing,solo-rpg,collection",607,1269,Cracking open vintage Mage Knight booster packs to build a party for solo dungeon crawling using official rules—and pulling a unique!
vlogs/orc-bases-and-flesh,Orc bases and flesh,Videos,2026-05-17,qTXDUpqjBHc,,,"basing,orcs-and-goblins",11,0,
vlogs/other-ways-to-sell-your-hobby-stuff-besides-ebay,Other Ways to Sell Your Hobby Stuff Besides eBay,Videos,2026-02-04,vLKc5gg4Iy4,,,"buying-selling,tutorial,warmachine",16,706,"A practical guide to selling miniatures and hobby stuff through Discord, Reddit MiniSwap, Facebook Marketplace, and local game stores—plus tips on pricing, tagg"
vlogs/paint-a-trench-pilgrim-warband-in-2-hours,Paint a Trench Pilgrim Warband in 2 Hours,Videos,2025-09-24,5Rw8NqC4Lew,,trench-pilgrims,"trench-crusade,tutorial,speed-painting,streaking-grime,metallics",586,1257,"Fully painted Trench Crusade warband in 2 hours—speed paint silver, Blood Angels red contrast, Molotow liquid chrome, and the streaking grime magic."
vlogs/paint-and-ramble-hobby-pressure,Paint & Ramble: Hobby Pressure,Videos,2025-10-30,k-s68f19hyI,,,"hobby-motivation,collection,painting",457,1991,"Deep thoughts on hobby pressure, the pile of shame spiral, and why this hobby is more than just painting—it's a spiritual practice that keeps us sane."
vlogs/paint-and-ramble-night,Paint and Ramble Night,Videos,2026-02-26,irk4Jyzxhug,,,"painting,infinity,commission,scale-75,glazing,basing,warhammer",11,489,A late-night painting session working on purple blending for an Infinity commission model while base coating a second miniature with plans for pale green and pi
vlogs/paint-and-ramble-vlog,Paint and Ramble Vlog,Videos,2025-12-30,0vJbZA1fQ6Y,,,"warmachine,crucible-guard,speed-painting,army-painter",872,2042,"A late-night painting session working on Crucible Guard warjacks, experimenting with Army Painter speed paints, and rambling about life with kids while sick."
vlogs/painting-a-belt-buckle,Painting an NMM Belt Buckle With Scale 75 Grays,Videos,2025-11-25,0FmhvgpxakE,,,"painting,nmm,tutorial",431,1210,Continuing the leather belt with NMM buckles—using the full Kimera grayscale palette and thinking like a volumetric painter.
vlogs/painting-a-leather-belt,Painting a Leather Belt,Videos,2025-11-24,tII9PExZJ5M,,,"leather,tutorial,infinity,painting",499,2338,Day one of taking painting seriously—following Richard Gray's leather belt tutorial and discovering that competition-level painting isn't as impossible as it se
vlogs/painting-and-ranting-about-game-design,Painting and Ranting about Game Design,Videos,2026-03-15,WiN3L0UX8j4,,,"ttrpg,warhammer,painting,glazing,infinity,warmachine",13,500,"Glazing purples on Maximus while rambling about designing a solo Mordheim-style skirmish game—thoughts on HP alternatives, attrition systems, and what makes gam"
vlogs/painting-blue-and-planning-the-next-couple-of-projects,Painting blue and planning the next couple of projects.,Videos,2026-05-23,4K9Py5rS05c,,,painting,16,702,"I'm going to keep it real with you guys. I recorded today's video on how I painted the blues on these and I finished up the nonmetal metallic, too."
vlogs/painting-butcher-klaus-minicrate,Painting Butcher Klaus Minicrate,Videos,2025-12-06,XjxN8qGoPOo,,,"warmachine,speed-painting,army-painter",495,1618,Speed painting Butcher Klaus for a painting competition using Army Painter speed paints—getting a tabletop-ready model in one day.
vlogs/painting-chaosy-green-marble,Painting Chaosy Green Marble,Videos,2026-03-11,OViRoDqWe4E,,,"painting,children-of-gomb,scale-75,crafts,inq28",11,469,"Painting the pale green marble crystal on my Children of Gomb entry—using Scale Color acrylics like oils, dirty purple water for tinting, and filbert brush blen"
vlogs/painting-creepy-cartoonish-skin,Painting Creepy Cartoonish Skin,Videos,2026-03-05,6DiV4eqqgwA,,,"painting,skin-tones,scale-75,sculpting,children-of-gomb,inq28",11,558,"Working up the final skin layers on my custom sculpt with stippling and scratchy highlights for a creepy cartoonish look, plus naming him the Keeper of the Pale"
vlogs/painting-dirt-hobby-vlog-99,Painting Dirt - Hobby Vlog 99,Videos,2025-12-19,cjHNFTbGyCY,,,"terrain,painting,mage-knight,unboxing",607,1200,"Day 99 of hobby vlogging—painting a terrain board with craft paints and inks, plus a mail day surprise with Mage Knight boosters."
vlogs/painting-some-infinity-models,Painting some infinity models,Videos,2026-04-26,Uelyqf2Y5FQ,,,"painting,airbrushing,orcs-and-goblins,building,basing,skin-tones,contrast-paints",11,1347,"Crunch week on the Infinity commission — building, priming, and base-coating the whole force in a day. Airbrush over zenithal for the alien centerpiece, then a "
vlogs/painting-the-wood-on-the-love-shack,Painting the Wood on The Love Shack,Videos,2025-12-03,KX1xw7XCq-s,,,"terrain,contrast-paints,dry-brushing,painting,tutorial",540,1847,"Using Marco Frisone's weathered wood recipe with contrast paints and dry brushing to create a grungy, well-used Love Shack objective marker."
vlogs/planning-a-new-hobby-room-layout,"Planning the Hobby Room, Attempt Number Six",Vlogs,2026-06-16,nM6sKaVGmpc,,,"terrain,painting,building,3d-printing,buying-selling,airbrushing,workspace",1643,0,I've tried to turn this basement into a real studio six times and never finished once. This time I started with graph paper and paper cutouts.
vlogs/prepping-for-game-day,Prepping for game day,Videos,2026-06-07,-atVrQVD4TE,,,"snow-effects,basing,leather,painting,warmachine,building",11,2278,"Totally forgot today was a family uh event day. So, I didn't get time to paint. And I'm really only going to have time to get everything packed up tonight to…"
vlogs/preshading-90-goblins,Preshading 90 Goblins,Videos,2025-10-20,mGlb6bu-Kr0,,orcs-and-goblins-army,"airbrushing,orcs-and-goblins,warhammer",253,718,"Airbrushing a Ninja-style preshade on 90 goblins—hex-lichen from below, purple ink, then white from above. Plus the squigs look amazing already."
vlogs/probably-not-the-worst-chainmail-tutorial-ever,Probably Not the Worst Chainmail Tutorial Ever,Videos,2026-03-19,JD0lp19zBXU,,,"metallics,painting,speed-painting,dry-brushing,historical-miniatures,tutorial",14,490,"Painting chainmail on Norman miniatures using speed paints, dry brushing, and Molotow Liquid Chrome—plus a nostalgia trip through my history of painting metal a"
vlogs/quick-base-work,Quick Base Work,Videos,2026-01-03,TQxF7pJweAs,,,"basing,weathering,metallics,painting",397,744,"Finishing up a base with dirt effects, weathering powders, and liquid chrome scratches on metal panels."
vlogs/quick-hobby-update,Quick Hobby Update,Videos,2026-04-05,U1BvKah394c,,,"painting,3d-printing,resin-casting,building,dusk,snow-effects",10,421,"Castle Grief mail day, Infernals printing wrapped up, and laying out plans for a busy April—live stream on Monday to finish Maximus and the Dusk test model."
vlogs/quick-vlog,Hobby Queue Check-In: What's Next on the Bench,Videos,2025-11-13,Gh7q0iR95JY,,,,118,297,A quick update on current projects and what's coming up next in the hobby queue.
vlogs/quick-vlog-day-97,Sealing the Terrain Board and Printing a Vulcan,Videos,2025-12-17,XiruNWp8ELs,,,"terrain,3d-printing,crucible-guard,warmachine",275,307,"Final glue layer on the terrain board, successfully printing a Vulcan colossal, and then getting hit by sudden sickness."
vlogs/quick-vlog-update-rip-airbrush,My 12-Year-Old Airbrush Died Mid-Priming,Videos,2025-09-29,8Ab7CTTqmKE,,,"airbrushing,warmachine",355,474,"After 12 years, the airbrush finally died. But I pulled the needle out, blasted paint through, and primed the army anyway. Livestream Wednesday!"
vlogs/rambling-about-competitive-vs-fun-games,Rambling about competitive vs fun games.,Vlogs,2026-06-10,IrYUuzf1sEo,,,"warmachine,terrain,orcs-and-goblins,snow-effects,kingdom-death,building",13,721,I'm going to do a ramble over some of my games from Sunday.
vlogs/return-of-the-cubes,Return of the Cubes,Videos,2025-11-12,NXcsGvqNzbc,,motley-crews,"terrain,motley-crews,weathering,workspace",236,389,Making scatter terrain cubes that blend into the Molly Crew board—plus setting up a rainy day project shelf for quick 10-minute hobby sessions.
vlogs/revisiting-trench-crusade-warband,Revisiting Trench Crusade Warband,Videos,2025-11-14,cPcuJIKnGDY,,trench-pilgrims,"trench-crusade,painting",140,402,Going back to touch up my Trench Pilgrims—fixing details and getting them table-ready for the next game.
vlogs/rip-to-my-heat-gun,RIP to my heat gun,Videos,2026-04-21,ziJvp2o7AOY,,,"painting,glazing,metallics,airbrushing,dusk,snow-effects",12,792,Painting a glowing gemstone with fluorescent orange glazes — and losing the heat gun I inherited from my grandfather in the process.
vlogs/scenic-and-magnetic-movement-trays-part-1,Scenic and Magnetic Movement Trays Part 1,Videos,2026-02-28,GtZjAdUSPPY,,,"basing,3d-printing,midgard,vallejo,tutorial",14,373,"Building scenic magnetic movement trays for Midgard using 3D printed bases, flexible steel sheets, and Vallejo mud texture—a practical tutorial on the whole pro"
vlogs/scenic-movement-trays-part-2,Scenic Movement Trays Part 2,Videos,2026-03-01,5QrY8wACWA8,,,"basing,vallejo,dry-brushing,midgard,3d-printing",12,474,"Finishing the scenic movement trays with dry brushing, Vallejo texture paste tips, Gamers Grass tufts, and a magnet test—plus thoughts on daily vlogging struggl"
vlogs/scratch-building-a-wargame-board-almost-ready-for-paint,Scratch Building a Wargame Board - Almost Ready for Paint,Videos,2025-09-23,4ipANeZ_LFY,,,"terrain,building,tutorial",484,2397,"Gap filling with plaster of Paris, preserving the blister texture, talus for breaking panel lines, and the wetter water glue mix. Plus—fixed the dryer guilt-fre"
vlogs/sculpting-toes,Sculpting Toes,Videos,2026-02-15,-gMaiDR69ok,,,"sculpting,children-of-gomb,kitbashing,inq28",9,336,"Sculpting gnarly swollen feet and toenails on my custom Daemon Prince—thinking in basic shapes, using pins for detail work, and channeling childhood trauma into"
vlogs/self-reflection-and-story-time,Self Reflection & Story Time,Videos,2025-11-18,V_-LuA1GuDM,,,"workspace,competition",682,2888,"Getting real about how I ended up with a hoarder's dungeon, the storage shed incident, and committing to change—plus laying out my hobby goals for the year."
vlogs/showing-off-some-warmachine-minis,Showing Off Some Warmachine Minis,Videos,2025-10-24,6D23c7QRk2c,,,"warmachine,orcs-and-goblins,contrast-paints,collection",332,1380,"Goblin robe progress, contrast paint woes, and showing off my Menoth collection—including an insane deal from Frontline Gaming's commission studio."
vlogs/sick-q-a,Sick Q&A,Videos,2026-03-26,WqpimW1H2pc,,,"kal-arath,kingdom-death,solo-rpg,crafts,smashbash",9,343,"Answering viewer questions while fighting a cold—covering where to find cool indie miniatures, what happened to Kingdom Death, laser engraving experiments, and "
vlogs/simple-lego-minifig-bases-for-dnd,Simple Lego Minifig Bases for D&D,Videos,2026-01-21,WLKeHKsmWOk,,,"lego, dungeons-and-dragons, basing, tutorial, terrain",318,737,A quick experiment making bases for Lego minifigures to use in D&D games on standard battle mats.
vlogs/slowly-going-insane-removing-mould-lines,Slowly Going Insane Removing Mould Lines,Videos,2025-10-08,zfAkHtZwJnA,,,"orcs-and-goblins,building,warhammer,hobby-motivation",248,391,"15 hours later, all 90 goblins are mold line free. I've dulled the back side of an X-Acto blade. This has been brutal."
vlogs/smashbash-build-begins,SmashBash Build Begins,Videos,2026-04-12,UA05maxLKkk,,,"building, smashbash",10,0,Kicking off a new build for SmashBash.
vlogs/solo-roleplaying-session-0-part-1-intro-to-the-system,Solo Roleplaying Session 0 Part 1: Intro to the System,Videos,2025-11-17,LQX0rVzr7pM,,,"ttrpg,solo-rpg",496,2042,"Crown and Skull intro—Newtonian solids only, Runehammer quality, player-facing rolls, and why this system is perfect for solo play."
vlogs/some-late-night-reading-after-this-came-in-the-mail-today,Some Late Night Reading After This Came in the Mail Today,Videos,2026-04-29,j5Fmnug1-lM,,,unboxing,18,20,"A quick late-night mail-day check-in — short on words, just enjoying what came in the post."
vlogs/spicing-up-some-relic-blade-tokens,Spicing up some relic blade tokens.,Videos,2026-05-15,rCxOOcjpM5o,,,relicblade,109,92,Finishing the Relic Blade cardboard tokens with a black paint marker around the edges and a dome of Mod Podge Dimensional Magic on each face.
vlogs/started-on-the-loincloth,Started on the Loincloth,Videos,2025-11-29,ZCbBgWRWWMU,,,"infinity,glazing,scale-75,painting",216,261,A quick glazing session on Silena's tabard using Scale Color paints while the kids are sick—working my way up through the palette.
vlogs/starting-a-board-for-necropolis,Starting a Board for Necropolis,Videos,2026-02-19,joFnsdf7FXY,,,"terrain,solo-rpg",12,405,"Starting a 16x16 diorama board for Necropolis—cutting foam, planning the frame, and discovering a cool free skirmish game with an awesome solo mode."
vlogs/starting-my-entry-for-children-of-gomb,Starting My Entry for Children of Gomb,Videos,2026-02-10,sxnC98FO5T4,,,"children-of-gomb,sculpting,kitbashing,indie-miniatures,competition,inq28",14,243,Entering the Hobgoblin community hobby challenge—casting a Miscast toad body and planning a full green stuff conversion for my first real sculpting project.
vlogs/starting-my-first-sculpting-project,Starting My First Sculpting Project,Videos,2026-02-13,W5Q2RzcnJxk,,,"sculpting,children-of-gomb,kitbashing,indie-miniatures,inq28",12,579,"My first real attempt at sculpting with green stuff—rebuilding a failed Daemon Prince recast with basic tools, isopropyl alcohol tricks, and push pin texturing."
vlogs/starting-the-year-with-true-metal-metallics,Starting the Year with True Metal Metallics,Videos,2026-01-01,gUy9KhsE7Ec,,,"metallics,warmachine,crucible-guard,speed-painting",1091,2967,"New Year's Day painting session finishing Crucible Guard warjacks with true metallic metal techniques, treating metallics like NMM for impressive results."
vlogs/staying-motivated-during-big-projects,A Quick-Win Trick for Long Hobby Projects,Videos,2025-10-06,5nc4mPCBhCM,,,"hobby-motivation,building,tutorial,orcs-and-goblins",243,412,12 hours into assembly with no visible progress—here's my tip for staying motivated: get quick wins to keep the momentum going.
vlogs/super-fast-osl,Super fast OSL,Videos,2026-05-11,Tm1N9vwY9N0,,,"painting,airbrushing,contrast-paints",10,627,"Quick airbrush OSL pass on yesterday's model: Warlord Purple, Squid Pink, and a watered-down white blend wet-on-wet. Two minutes, first finished model of 2026."
vlogs/taking-a-look-at-inquisitor-kroyle,Taking a look at Inquisitor Kroyle,Videos,2026-05-13,9Z9Re87HRlE,,,"painting,kitbashing,unboxing,warmachine,warhammer",13,609,"Quick unboxing of the Inquisitor Kroyle sprue from a kit-bashing perspective, plus action-figure prop counters for Monster Friends and a stack of Ex Obscuris ap"
vlogs/the-best-snow-effect-ever,The Best Snow Effect Ever,Videos,2025-12-05,r-xUx5fckME,,,"terrain,snow-effects,tutorial,weathering",519,1434,"How to create incredible snow effects using crushed glass, realistic water, and fishing line icicles—nothing compares to this technique."
vlogs/the-daily-vlog-returns,The daily vlog returns,Vlogs,2026-06-15,vd5EkLToljw,,,"painting,orcs-and-goblins,airbrushing,basing,snow-effects,3d-printing,building",11,1499,"It's been a couple of days since I posted a vlog and I didn't realize that. So, I've been recording stuff."
vlogs/the-first-miniatures-i-ever-painted,The First Miniatures I Ever Painted,Videos,2025-12-01,hU5kh8u9Xf0,,,"mage-knight,collection",677,2450,A nostalgic trip through my Mage Knight collection—from my very first painted miniature to the meta armies I played in tournaments.
vlogs/the-jankiest-rust-tutorial-ever,The Jankiest Rust Tutorial Ever,Videos,2025-10-28,g709O__DW-I,,,"weathering,tutorial,dirty-down,orcs-and-goblins,speed-painting",399,2583,"Three methods for painting rust on 90 goblin spears—Dirty Down Rust, AK Interactive Rust Streaks, and the classic sponge technique. Plus why Dirty Down smells l"
vlogs/the-power-of-purple,The power of purple,Videos,2026-06-06,bVqyA8VH5xY,,,"painting,metallics,airbrushing,orcs-and-goblins,basing,washes",11,1799,"What's up? I'm back. I'm still alive. I missed a couple of days of uploads. Uh I have I've got the hobby streak alive. So, the hobby streak is still going, but…"
vlogs/these-miniatures-changed-how-i-looked-at-the-hobby,These Miniatures Changed How I Looked at the Hobby,Videos,2026-03-17,K25iQgmnRz0,,,"resin-casting,smashbash,indie-miniatures,inq28,unboxing",16,435,"Unboxing Mold Mold Mold and Smash Bash miniatures—the indie art miniature scene, Nick Belli's book, and how discovering Inq28 and bootleg minis changed my persp"
vlogs/thoughts-on-90-days-of-hobby-vlogging,Thoughts On 90 Days of Hobby Vlogging,Videos,2025-12-10,6XcmbAr7Xwk,,,"hobby-motivation,dolmenwood",615,1818,"Reflecting on 90 days of daily uploads—how it transformed my life, announcing a second channel, and revealing my plan to build a miniatures company."
vlogs/tips-for-batch-painting-unique-models,Tips for Batch Painting Unique Models,Videos,2026-05-01,-71XuLr-Dd4,,,"painting,speed-painting,tutorial,infinity,airbrushing,nmm",13,604,"How to batch-paint a commission where every model is different — group by paint and material, not by armor panel. Plus a teaser of the Man Alone Prima Materia s"
vlogs/toad-giveaway,Toad Giveaway,Videos,2025-11-03,dlSOBzZIhiA,,,"giveaway, workspace, collection, resin-casting",318,1248,"Cleaning up the hobby space, organizing the pile of shame, setting limits—plus giving away two recast toads to say thanks."
vlogs/trench-crusade-bases-weathering-finishing-our-warband-part-1,Trench Crusade Bases & Weathering - Finishing our Warband Part 1,Videos,2025-09-26,BQP_fKCozsE,,trench-pilgrims,"trench-crusade,weathering,tutorial,basing",561,2500,"Tamiya weathering masters, nilakh oxide disasters, fixing mistakes live, and why Brownish Decay is my new favorite paint (even though it stripped my silver)."
vlogs/two-minute-trench-crusade-battle-recap,Two Minute Trench Crusade Battle Recap,Videos,2025-11-20,nrYMC_3l-DA,,trench-pilgrims,"trench-crusade,battle-report,event-recap",216,312,The worst battle report you'll ever watch—a 3v3 dragon hunt where my Communicant got the final kill shot from his perch in the ruins.
vlogs/using-speed-paints-as-a-wash,Using Speed Paints as a Wash,Videos,2026-04-13,rJ9NWlJ1B64,,,"washes, painting, speed-painting, contrast-paints, battle-report, orcs-and-goblins, airbrushing",13,332,The better red wash solution—mixing Slaughter Red speed paint with Army Painter Quick Shade medium gives deeper detail pickout without killing vibrance.
vlogs/using-tarot-cards-and-casting-bones-to-create-deeper-roleplaying-characters,Using Tarot Cards & Casting Bones to Create Deeper Roleplaying Characters,Videos,2025-12-12,RINsMp9W1-s,,,"dolmenwood,ttrpg,solo-rpg",760,7357,"My esoteric process for creating deeply personal RPG characters using planetary influences, bone casting, and tarot readings—embracing the synchronicity."
vlogs/victrix-historical-miniatures-review,Victrix Historical Miniatures Review,Videos,2026-03-03,ivJsm7g728Q,,,"historical-miniatures,review,midgard",11,367,"A quick review of Victrix dark age archers and Norman kits—incredible value, easy cleanup, tons of options, and the best models I've ever purchased for the mone"
vlogs/vlog-day-6-almost-done-with-the-board,Vlog Day 6 - Almost Done with the Board,Videos,2025-09-16,6WErZ0Rmub0,,motley-crews,"terrain,airbrushing,streaking-grime",263,685,"Pre-shading foam tiles like basalt, the magic of dark streaking grime, and why different colored stones make everything look organic."
vlogs/vlog-update-prepping-models-for-mass-assembly,Vlog Update - Prepping Models for Mass Assembly,Videos,2025-10-05,M4p5S-_VHvg,,,"building,orcs-and-goblins,tutorial,warmachine",227,343,"Time travel attempt to build 40 night goblins—clip same parts from each sprue, pile by type, get that muscle memory. Five days to paint a full Warmachine army."
vlogs/vlogging-hobby-struggles-to-hopefully-motivate-everyone-else,Vlogging Hobby Struggles to Hopefully Motivate Everyone Else,Videos,2025-10-22,ZEG9lty59x0,,,"orcs-and-goblins,hobby-motivation,warmachine,tutorial",339,591,"Fighting a virus, finding green I don't hate, and shamelessly stealing Quantic Color Studio's night goblin scheme. Who pins tiny arms but doesn't trim mold line"
vlogs/vlogging-my-failures-again,"Goblins Off Bases, Bad Casts, and Homemade Music",Videos,2025-10-12,AkrjPDWltRM,,,"hobby-motivation,orcs-and-goblins,basing,resin-casting",300,761,"Goblins popping off bases, demon prince mold floating to the top, making my own music from a whistle and belly gut smacks. Tomorrow we finally paint."
vlogs/warmachine-event-photos,Warmachine Event Photos,Videos,2025-10-27,FVYIh7SuIFo,,,"warmachine,event-recap,battle-report",215,272,"Team narrative event recap—escorting a cart, fighting through zombies and Orgoth, and watching the Butcher become an unkillable Armor 29 monster."
vlogs/warmachine-winter-wonderland-event-photos,Warmachine Winter Wonderland Event Photos,Videos,2025-12-07,jbrCvayeZjY,,,"warmachine,event-recap",358,430,"Photos and recap from a 3v3 Warmachine Winter Wonderland event—featuring the Love Shack, Butcher Klaus, and the most fun game in a long time."
vlogs/why-are-3d-sculpted-models-so-overly-detailed,Why are 3d sculpted models so overly detailed?,Videos,2026-04-16,Xd0J5dG7Ijw,,,"painting,warmachine,cloth,metallics,building,terrain,3d-printing",15,409,"Today, I'm just building the last bit of models I need to have built for like some personal projects and the commissions."
vlogs/will-i-see-another-summer-again,Will I See Another Summer Again,Videos,2025-12-21,7KMb9KcEs9Y,,,"3d-printing,basing",82,71,Day 101 pushing through extreme sickness—at least the bases printed successfully.
vlogs/working-on-ultimate-dungeon-terrain-and-a-whole-day-of-hobbying,Working on Ultimate Dungeon Terrain & A Whole Day of Hobbying,Videos,2025-12-16,8Eg2Z73nSjk,,ultimate-dungeon-terrain,"terrain,3d-printing,sculpting,crucible-guard",926,2938,"A full day of hobby progress—texturing the outdoor half of my Ultimate Dungeon Terrain board, learning to sculpt with green stuff, and finally printing a Vulcan"
vlogs/working-with-3d-prints,Working with 3D Prints,Videos,2025-11-11,b_HDcP4SuB4,,,3d-printing,347,813,"Cleaning up resin prints, fixing broken wings with heat guns, and proof that even 10-20 minutes of daily hobby time adds up to real progress."
vlogs/wtf-is-a-rectifier,Wtf is a rectifier.,Videos,2026-04-24,chtJTkkg1Ts,,,,11,430,Cracking open a dead heat gun to figure out what fried — turns out it was the rectifier. A small electronics autopsy instead of a painting night.
