old_url,new_url,action,title,pubDate,bodyWords,transcriptWords,tags,youtubeId,draft,note,game
/blog/vlogs/100-sub-giveaway-and-2026-goals/,/vlog/100-sub-giveaway-and-2026-goals/,vlog,100 Sub Giveaway and 2026 Goals,2026-01-05,1051,4836,giveaway,UJ7z059CLlA,,keep live + indexed under /vlog/; 301 from old URL; add intro/related-guides block,
/blog/vlogs/3d-printing-kind-of-sucks/,/vlog/3d-printing-kind-of-sucks/,vlog,3D Printing Kind of Sucks,2025-11-04,272,319,3d-printing,H8YTDmWmrRw,,keep live + indexed under /vlog/; 301 from old URL; add intro/related-guides block,
/blog/vlogs/almost-done-with-dolmenwood-breggle-mini/,/vlog/almost-done-with-dolmenwood-breggle-mini/,vlog,Almost Done with Dolmenwood Breggle Mini,2026-01-16,13,1081,"dolmenwood,speed-painting,painting",sQBaY0JRxN0,,keep live + indexed under /vlog/; 301 from old URL; add intro/related-guides block,dolmenwood
/blog/vlogs/almost-done-with-the-first-mini-of-2026/,/vlog/almost-done-with-the-first-mini-of-2026/,vlog,Almost Done with the First Mini of 2026,2026-01-02,1017,4379,"warmachine,crucible-guard,painting,washes",dal8U5Jw28Y,,keep live + indexed under /vlog/; 301 from old URL; add intro/related-guides block,warmachine
/blog/vlogs/almost-done/,/vlog/almost-done/,vlog,Almost done,2026-05-24,9,0,"painting,glazing, infinity",zFFKXkdD3js,,keep live + indexed under /vlog/; 301 from old URL; add intro/related-guides block,infinity
/blog/vlogs/anime-filler-episode/,/vlog/anime-filler-episode/,vlog,"Prima Materia Dice, Orc the Brand, and a Foam Haul",2026-05-03,10,590,"unboxing,terrain",iavLv96Y1Mo,,keep live + indexed under /vlog/; 301 from old URL; add intro/related-guides block,
/blog/vlogs/another-dolmenwood-miniature-done/,/vlog/another-dolmenwood-miniature-done/,vlog,Painting Illuminated Text and Magical Pipe Smoke,2026-01-17,484,1944,"dolmenwood,painting",nXE9nRQ8mek,,keep live + indexed under /vlog/; 301 from old URL; add intro/related-guides block,dolmenwood
/blog/vlogs/another-new-project-kinda/,/vlog/another-new-project-kinda/,vlog,A Surprise Laser Engraver (and Near-Toxic Gas),2026-03-10,11,319,crafts,Hbca94puUPU,,keep live + indexed under /vlog/; 301 from old URL; add intro/related-guides block,
/blog/vlogs/another-random-hobby-day/,/vlog/another-random-hobby-day/,vlog,"Iso Alcohol Mud Texture, a Studio Cleanup, and a Giveaway",2026-02-23,11,863,"terrain,giveaway,midgard",C0Cu1yMeTI8,,keep live + indexed under /vlog/; 301 from old URL; add intro/related-guides block,
/blog/vlogs/another-warmachine-update-video/,/vlog/another-warmachine-update-video/,vlog,"Rahara, Thyra, and Fifth Division List Ideas",2026-01-18,481,2246,warmachine,qtSvzjEH8IY,,keep live + indexed under /vlog/; 301 from old URL; add intro/related-guides block,warmachine
/blog/vlogs/april-3-2026/,/vlog/april-3-2026/,vlog,Building Terrain in the Sun,2026-04-03,12,11,"building, terrain",BgK7792QirQ,,keep live + indexed under /vlog/; 301 from old URL; add intro/related-guides block,
/blog/vlogs/bald-man-rants-about-ai/,/vlog/bald-man-rants-about-ai/,vlog,Bald Man Rants About AI,2026-01-08,1346,2928,"hobby-motivation,painting",oghj9splJmM,,keep live + indexed under /vlog/; 301 from old URL; add intro/related-guides block,
/blog/vlogs/bellwoken-whimsical-army-set/,/vlog/bellwoken-whimsical-army-set/,vlog,Bellwoken: A New Whimsical Army Set for Your Wargames,2026-05-30,16,0,3d-printing,BZtw-_IUUFo,,keep live + indexed under /vlog/; 301 from old URL; add intro/related-guides block,
/blog/vlogs/beware-the-monolith-bearer/,/vlog/beware-the-monolith-bearer/,vlog,Beware the Monolith Bearer,2026-02-22,11,226,"kitbashing,sculpting",jQKRBm_2Nbo,,keep live + indexed under /vlog/; 301 from old URL; add intro/related-guides block,
/blog/vlogs/building-and-cleaning-today/,/vlog/building-and-cleaning-today/,vlog,Building and Cleaning Today,2025-11-16,122,272,,ShfUV5MkfF0,,keep live + indexed under /vlog/; 301 from old URL; add intro/related-guides block,
/blog/vlogs/building-and-paint-prep-day/,/vlog/building-and-paint-prep-day/,vlog,Building and Paint Prep Day,2025-12-27,515,633,"trench-crusade,crucible-guard,warmachine",l9GMJBnvmnE,,keep live + indexed under /vlog/; 301 from old URL; add intro/related-guides block,warmachine
/blog/vlogs/building-kingdom-death-survivors/,/vlog/building-kingdom-death-survivors/,vlog,Building Kingdom Death Survivors,2026-02-02,11,1180,"kingdom-death,building",LlMRFsDlmt0,,keep live + indexed under /vlog/; 301 from old URL; add intro/related-guides block,kingdom-death-monster
/blog/vlogs/building-more-figures-for-trench-crusade/,/vlog/building-more-figures-for-trench-crusade/,vlog,Building More Figures for Trench Crusade,2025-11-19,422,1127,"trench-crusade,building",9uV6Bfxujeo,,keep live + indexed under /vlog/; 301 from old URL; add intro/related-guides block,trench-crusade
/blog/vlogs/building-sunrot-miscast-and-newest-gardens-of-hecate-minis/,/vlog/building-sunrot-miscast-and-newest-gardens-of-hecate-minis/,vlog,"Building Sunrot, Miscast, and Gardens of Hecate Minis",2026-03-28,15,284,"building,indie-miniatures",KoUsC-aN7Ds,,keep live + indexed under /vlog/; 301 from old URL; add intro/related-guides block,
/blog/vlogs/casting-daemon-heads/,/vlog/casting-daemon-heads/,vlog,Casting Daemon Heads,2026-02-17,10,472,"resin-casting,sculpting,kitbashing",60-gBiW65fY,,keep live + indexed under /vlog/; 301 from old URL; add intro/related-guides block,
/blog/vlogs/ceiling-fan-wisdom/,/vlog/ceiling-fan-wisdom/,vlog,Ceiling Fan Wisdom,2026-04-08,10,106,"painting,hobby-motivation",UBPw1TA5e2I,,keep live + indexed under /vlog/; 301 from old URL; add intro/related-guides block,
/blog/vlogs/channel-update/,/vlog/channel-update/,vlog,Channel Update,2026-02-12,9,1195,hobby-motivation,EhGLjRf_6I8,,keep live + indexed under /vlog/; 301 from old URL; add intro/related-guides block,
/blog/vlogs/coffee-cup-part-1/,/vlog/coffee-cup-part-1/,vlog,Coffee Cup Part 1,2026-05-16,411,468,"monster-friends,3d-printing,painting,basing",0E7Bsy7XIIo,,keep live + indexed under /vlog/; 301 from old URL; add intro/related-guides block,monster-friends-battle-for-new-florida
/blog/vlogs/coffee-cup/,/vlog/coffee-cup/,vlog,Coffee cup,2026-05-22,9,2194,"monster-friends,painting,3d-printing",wu8YavbYjGM,,keep live + indexed under /vlog/; 301 from old URL; add intro/related-guides block,monster-friends-battle-for-new-florida
/blog/vlogs/cracking-dungeons-and-dragons-packs-from-1992/,/vlog/cracking-dungeons-and-dragons-packs-from-1992/,vlog,Cracking Dungeons & Dragons Packs from 1992,2026-03-07,14,450,"dungeons-and-dragons,unboxing",SJAJUVoA83Q,,keep live + indexed under /vlog/; 301 from old URL; add intro/related-guides block,
/blog/vlogs/creating-space-for-creativity/,/vlog/creating-space-for-creativity/,vlog,What 20 Days of Daily Vlogging Taught Me About Creativity,2025-10-03,938,1591,hobby-motivation,ualCx1cHkdw,,keep live + indexed under /vlog/; 301 from old URL; add intro/related-guides block,
/blog/vlogs/crucible-guard-base-test-results/,/vlog/crucible-guard-base-test-results/,vlog,Crucible Guard Base Test Results,2025-12-22,342,483,"3d-printing,crucible-guard,warmachine,basing",lB3uvf1SLFg,,keep live + indexed under /vlog/; 301 from old URL; add intro/related-guides block,warmachine
/blog/vlogs/currently-on-the-work-bench/,/vlog/currently-on-the-work-bench/,vlog,Currently on the work bench,2026-06-02,12,0,,2prjCIcmxzA,,keep live + indexed under /vlog/; 301 from old URL; add intro/related-guides block,
/blog/vlogs/daily-hobby-vlog-161/,/vlog/daily-hobby-vlog-161/,vlog,Salvaging an Old Shelf Into a 16x16 Game Board,2026-02-20,11,646,terrain,Q_NHP-jw3Go,,keep live + indexed under /vlog/; 301 from old URL; add intro/related-guides block,
/blog/vlogs/daily-hobby-vlog-march-13th/,/vlog/daily-hobby-vlog-march-13th/,vlog,Relic Blade Launch Day and Glazing Maximus,2026-03-13,13,259,"relicblade,infinity,painting,glazing",x4wE7x7F4f0,,keep live + indexed under /vlog/; 301 from old URL; add intro/related-guides block,relicblade
/blog/vlogs/daily-hobby-vlog-update-1/,/vlog/daily-hobby-vlog-update-1/,vlog,Daily Hobby Vlog Update — April 18,2026-04-19,11,21,,BHRbqIRzAR0,,keep live + indexed under /vlog/; 301 from old URL; add intro/related-guides block,
/blog/vlogs/daily-hobby-vlog-update/,/vlog/daily-hobby-vlog-update/,vlog,Daily Hobby Vlog Update — April 21,2026-04-22,11,21,,OuofWwJzIXM,,keep live + indexed under /vlog/; 301 from old URL; add intro/related-guides block,
/blog/vlogs/daily-vlog-174-painting-purple-flesh/,/vlog/daily-vlog-174-painting-purple-flesh/,vlog,Painting Purple Daemon Skin With Scale 75,2026-03-04,13,947,"painting,scale-75,glazing,skin-tones,competition",HWE9Wz2nkbM,,keep live + indexed under /vlog/; 301 from old URL; add intro/related-guides block,
/blog/vlogs/daily-vlog-the-airbrush-lives-again-warhammer40k-miniature/,/vlog/daily-vlog-the-airbrush-lives-again-warhammer40k-miniature/,vlog,The $17 Airbrush Upgrade I Wish I'd Found Years Ago,2025-10-07,375,475,"airbrushing,unboxing,review",Ed5xB9KtC7w,,keep live + indexed under /vlog/; 301 from old URL; add intro/related-guides block,
/blog/vlogs/day-4-vlog/,/vlog/day-4-vlog/,vlog,Magnetizing Bases and Fixing a Foam Board Disaster,2025-09-14,266,783,"basing,motley-crews,terrain",a6D5sfV4f4M,,keep live + indexed under /vlog/; 301 from old URL; add intro/related-guides block,motley-crews
/blog/vlogs/do-you-play-solo-or-coop-rpgs/,/vlog/do-you-play-solo-or-coop-rpgs/,vlog,Do You Play Solo or Co-op RPGs and War Games?,2026-01-20,349,711,"solo-rpg,kingdom-death,dolmenwood",2AkTvKgQAh0,,keep live + indexed under /vlog/; 301 from old URL; add intro/related-guides block,kingdom-death-monster
/blog/vlogs/dolmenwood-pokedex-project-ep-1/,/vlog/dolmenwood-pokedex-project-ep-1/,vlog,Dolmenwood Pokédex Project Ep 1,2026-01-04,692,2098,"dolmenwood,speed-painting,contrast-paints,painting",mjmdb2nNdvE,,keep live + indexed under /vlog/; 301 from old URL; add intro/related-guides block,dolmenwood
/blog/vlogs/final-mail-day-for-a-while/,/vlog/final-mail-day-for-a-while/,vlog,Final Mail Day for a While,2026-03-27,13,336,"unboxing,indie-miniatures,relicblade,warmachine",U70lvI82p8s,,keep live + indexed under /vlog/; 301 from old URL; add intro/related-guides block,warmachine
/blog/vlogs/finally-primed-the-orcs-and-goblins/,/vlog/finally-primed-the-orcs-and-goblins/,vlog,Finally Primed the Orcs & Goblins,2025-10-19,269,892,"airbrushing,orcs-and-goblins,unboxing",i4ufbl1VgJs,,keep live + indexed under /vlog/; 301 from old URL; add intro/related-guides block,
/blog/vlogs/finding-ways-to-make-progress/,/vlog/finding-ways-to-make-progress/,vlog,"When the Airbrush Breaks, Paint a 20-Year-Old Goblin",2025-10-02,589,869,"orcs-and-goblins,warhammer,hobby-motivation,kitbashing",YYkGBSm41eY,,keep live + indexed under /vlog/; 301 from old URL; add intro/related-guides block,warhammer-aos-40k
/blog/vlogs/finishing-paint-on-the-shack/,/vlog/finishing-paint-on-the-shack/,vlog,Finishing Paint on the Shack,2025-12-04,440,1483,"terrain,metallics",x_eHD2hovfY,,keep live + indexed under /vlog/; 301 from old URL; add intro/related-guides block,
/blog/vlogs/finishing-the-daemon-prince-and-mail-day/,/vlog/finishing-the-daemon-prince-and-mail-day/,vlog,Finishing the Daemon Prince and Mail Day,2026-02-18,14,671,"sculpting,inq28",rNEsJTI3-es,,keep live + indexed under /vlog/; 301 from old URL; add intro/related-guides block,
/blog/vlogs/finishing-touches-in-the-movement-trays/,/vlog/finishing-touches-in-the-movement-trays/,vlog,Finishing Touches in the Movement Trays,2026-03-02,13,832,"basing,midgard,historical-miniatures",iMYtfQAIua4,,keep live + indexed under /vlog/; 301 from old URL; add intro/related-guides block,
/blog/vlogs/finishing-up-random-projects-before-starting-the-next-one/,/vlog/finishing-up-random-projects-before-starting-the-next-one/,vlog,Finishing Up Random Projects Before Starting the Next One,2025-11-22,559,2304,,0DuJ34OxuQk,,keep live + indexed under /vlog/; 301 from old URL; add intro/related-guides block,
/blog/vlogs/finishing-up-the-dnd-cards/,/vlog/finishing-up-the-dnd-cards/,vlog,Finishing Up the D&D Cards,2026-03-08,12,220,"dungeons-and-dragons,unboxing",8x0N7JP2W1Q,,keep live + indexed under /vlog/; 301 from old URL; add intro/related-guides block,
/blog/vlogs/finishing-up-the-nmm/,/vlog/finishing-up-the-nmm/,vlog,Finishing up the NMM,2026-05-21,11,1355,"painting,nmm",uVn1J0sgAsw,,keep live + indexed under /vlog/; 301 from old URL; add intro/related-guides block,
/blog/vlogs/first-live-stream/,/vlog/first-live-stream/,vlog,First Live Stream,2025-09-29,23,8077,"warmachine,dusk",o5Yp2jWK5KA,,keep live + indexed under /vlog/; 301 from old URL; add intro/related-guides block,warmachine
/blog/vlogs/first-one-piece-event-prep/,/vlog/first-one-piece-event-prep/,vlog,First One Piece Event Prep,2026-01-10,982,1689,"card-games,event-recap",oFInp75xyn8,,keep live + indexed under /vlog/; 301 from old URL; add intro/related-guides block,
/blog/vlogs/get-a-small-win-every-day/,/vlog/get-a-small-win-every-day/,vlog,Get a Small Win Every Day,2025-10-21,454,729,hobby-motivation,jxqOWrub8AA,,keep live + indexed under /vlog/; 301 from old URL; add intro/related-guides block,
/blog/vlogs/giveaway-winner/,/vlog/giveaway-winner/,vlog,Giveaway Winner!,2026-01-14,493,1300,"giveaway,hobby-motivation,mage-knight,workspace,terrain,warmachine",q3_x0lCfY_Y,,keep live + indexed under /vlog/; 301 from old URL; add intro/related-guides block,warmachine
/blog/vlogs/gw-got-me-again/,/vlog/gw-got-me-again/,vlog,GW got me again,2026-04-23,11,949,"warhammer,orcs-and-goblins,snow-effects,kitbashing,building,terrain,painting",_vgNi8c7wJM,,keep live + indexed under /vlog/; 301 from old URL; add intro/related-guides block,warhammer-aos-40k
/blog/vlogs/halloween-channel-update/,/vlog/halloween-channel-update/,vlog,Halloween Channel Update,2025-10-31,364,1469,"orcs-and-goblins,warmachine,competition",96d7bzWVMbs,,keep live + indexed under /vlog/; 301 from old URL; add intro/related-guides block,warmachine
/blog/vlogs/hobbinomicon-com/,/vlog/hobbinomicon-com/,vlog,Hobbinomicon.com,2026-05-18,637,706,"indie-miniatures,warmachine,unboxing",eVGqCkafo3w,,keep live + indexed under /vlog/; 301 from old URL; add intro/related-guides block,warmachine
/blog/vlogs/hobby-hang-out-clips/,/vlog/hobby-hang-out-clips/,vlog,Hobby Hang Out Clips,2026-03-14,11,282,"painting,infinity,commission,glazing",ZTaZk7xqZAg,,keep live + indexed under /vlog/; 301 from old URL; add intro/related-guides block,infinity
/blog/vlogs/hobby-vlog-and-terrain-inspiration/,/vlog/hobby-vlog-and-terrain-inspiration/,vlog,Hobby Vlog and Terrain Inspiration,2026-03-20,12,255,"metallics,painting,speed-painting,historical-miniatures,relicblade,terrain",Qrwnwo2DlhU,,keep live + indexed under /vlog/; 301 from old URL; add intro/related-guides block,relicblade
/blog/vlogs/hobby-vlog-day-117/,/vlog/hobby-vlog-day-117/,vlog,Hobby Vlog Day 117,2026-01-06,693,1378,"dolmenwood,basing,warmachine,dusk,workspace",UCO6jYd9oJ0,,keep live + indexed under /vlog/; 301 from old URL; add intro/related-guides block,warmachine
/blog/vlogs/hobby-vlog-day-148/,/vlog/hobby-vlog-day-148/,vlog,Hobby Vlog Day 148,2026-02-06,11,506,"3d-printing,kingdom-death,lego,unboxing",NQ8EUMbn4zM,,keep live + indexed under /vlog/; 301 from old URL; add intro/related-guides block,kingdom-death-monster
/blog/vlogs/hobby-vlog-day-79/,/vlog/hobby-vlog-day-79/,vlog,Hobby Vlog Day 79,2025-11-28,530,1421,"trench-crusade,workspace,ttrpg,dolmenwood",a6mkbC5yRxc,,keep live + indexed under /vlog/; 301 from old URL; add intro/related-guides block,trench-crusade
/blog/vlogs/hobby-vlog-day-95/,/vlog/hobby-vlog-day-95/,vlog,Hobby Vlog Day 95,2025-12-16,475,632,"dolmenwood,ttrpg",ohPmkvBMQdc,,keep live + indexed under /vlog/; 301 from old URL; add intro/related-guides block,dolmenwood
/blog/vlogs/how-not-to-paint-yellow-warmachine-update/,/vlog/how-not-to-paint-yellow-warmachine-update/,vlog,How Not to Paint Yellow / Surprise Warmachine Update Thoughts,2026-01-15,17,1331,"painting,warmachine,dolmenwood",Qf-ZWR11rCQ,,keep live + indexed under /vlog/; 301 from old URL; add intro/related-guides block,warmachine
/blog/vlogs/i-can-paint-and-ramble-again/,/vlog/i-can-paint-and-ramble-again/,vlog,I can paint and ramble again.,2026-05-09,13,1186,"painting,airbrushing,metallics,3d-printing,orcs-and-goblins,speed-painting,buying-selling",_dliMzXCHo8,,keep live + indexed under /vlog/; 301 from old URL; add intro/related-guides block,
/blog/vlogs/i-cleaned-my-workbench/,/vlog/i-cleaned-my-workbench/,vlog,I Cleaned My Workbench,2026-03-31,11,284,"workspace,warmachine,dusk,commission,smashbash,indie-miniatures",58iOUVyBTxY,,keep live + indexed under /vlog/; 301 from old URL; add intro/related-guides block,warmachine
/blog/vlogs/i-created-my-first-miniature-thing/,/vlog/i-created-my-first-miniature-thing/,vlog,I Created My First Miniature Thing,2026-02-21,13,583,"resin-casting,children-of-gomb,sculpting,kitbashing,monolith-bearer",wkSEALqkwME,,keep live + indexed under /vlog/; 301 from old URL; add intro/related-guides block,
/blog/vlogs/i-finally-painted-a-goblin/,/vlog/i-finally-painted-a-goblin/,vlog,I Finally Painted a Goblin,2025-10-23,311,1530,"orcs-and-goblins,painting,skin-tones,warhammer",pzZJxwencks,,keep live + indexed under /vlog/; 301 from old URL; add intro/related-guides block,warhammer-aos-40k
/blog/vlogs/i-finished-the-daemon-prince/,/vlog/i-finished-the-daemon-prince/,vlog,I Finished the Daemon Prince,2026-03-12,12,435,"children-of-gomb,painting,basing,dirty-down,inq28",JGtcVCnOauI,,keep live + indexed under /vlog/; 301 from old URL; add intro/related-guides block,
/blog/vlogs/i-finished-the-infinity-models/,/vlog/i-finished-the-infinity-models/,vlog,I finished the infinity models,2026-05-26,12,442,infinity,IKX_sQ1XA2c,,keep live + indexed under /vlog/; 301 from old URL; add intro/related-guides block,infinity
/blog/vlogs/i-m-late-but-this-is-so-good/,/vlog/i-m-late-but-this-is-so-good/,vlog,I’m late but this is so good.,2026-03-25,14,0,,OcjQ4RESCKI,,keep live + indexed under /vlog/; 301 from old URL; add intro/related-guides block,
/blog/vlogs/i-received-my-new-relic-blade-plastic-kits/,/vlog/i-received-my-new-relic-blade-plastic-kits/,vlog,I Received My New Relic Blade Plastic Kits,2026-03-16,15,388,"relicblade,unboxing,review",0M9xJtGTJy8,,keep live + indexed under /vlog/; 301 from old URL; add intro/related-guides block,relicblade
/blog/vlogs/i-spent-an-entire-day-painting-tongues/,/vlog/i-spent-an-entire-day-painting-tongues/,vlog,I Spent an Entire Day Painting Tongues,2025-10-15,191,418,"orcs-and-goblins,painting,warhammer,speed-painting",yJnGR6rJZ54,,keep live + indexed under /vlog/; 301 from old URL; add intro/related-guides block,warhammer-aos-40k
/blog/vlogs/i-took-two-days-to-paint-a-candy-cane/,/vlog/i-took-two-days-to-paint-a-candy-cane/,vlog,I Took Two Days to Paint a Candy Cane,2026-01-31,319,703,"painting,lego",ZAxbFi2wO68,,keep live + indexed under /vlog/; 301 from old URL; add intro/related-guides block,
/blog/vlogs/if-you-can-make-it-through-today-you-can-make-it-through-tomorrow/,/vlog/if-you-can-make-it-through-today-you-can-make-it-through-tomorrow/,vlog,If You Can Make It Through Today You Can Make It Through Tomorrow,2026-01-09,215,210,"hobby-motivation, warmachine",VuRENB3cAOU,,keep live + indexed under /vlog/; 301 from old URL; add intro/related-guides block,warmachine
/blog/vlogs/im-not-a-competitive-wargamer-anymore/,/vlog/im-not-a-competitive-wargamer-anymore/,vlog,I'm Not a Competitive Wargamer Anymore,2026-01-19,13,614,"warmachine,competition,hobby-motivation,painting,commission",BaxmuP1wSwI,,keep live + indexed under /vlog/; 301 from old URL; add intro/related-guides block,warmachine
/blog/vlogs/infernal-diaries-day-1/,/vlog/infernal-diaries-day-1/,vlog,Infernal Diaries Day 1,2026-04-07,11,352,"basing, painting, warmachine, orcs-and-goblins, snow-effects, 3d-printing, terrain",Z98boZ7WrOo,,keep live + indexed under /vlog/; 301 from old URL; add intro/related-guides block,warmachine
/blog/vlogs/infernal-diaries-two-quick-channel-update/,/vlog/infernal-diaries-two-quick-channel-update/,vlog,Infernal diaries two - quick channel update.,2026-04-27,14,380,"painting,event-recap,warmachine,orcs-and-goblins,dusk",mRyVw6Zg5KQ,,keep live + indexed under /vlog/; 301 from old URL; add intro/related-guides block,warmachine
/blog/vlogs/its-ok-to-not-paint-your-miniatures/,/vlog/its-ok-to-not-paint-your-miniatures/,vlog,It's Ok to Not Paint Your Miniatures,2025-11-06,475,1013,"hobby-motivation, infinity",P1GOFEHZAVU,,keep live + indexed under /vlog/; 301 from old URL; add intro/related-guides block,infinity
/blog/vlogs/june-24-2026/,/vlog/june-24-2026/,vlog,"June 24, 2026",2026-06-25,10,41,"painting,orcs-and-goblins,building",GcHSzAnG2gs,,keep live + indexed under /vlog/; 301 from old URL; add intro/related-guides block,
/blog/vlogs/just-rambling/,/vlog/just-rambling/,vlog,A Game Board Turned Into Its Own World,2025-09-18,728,1352,"hobby-motivation,terrain,warhammer",K0yMZE40kzs,,keep live + indexed under /vlog/; 301 from old URL; add intro/related-guides block,warhammer-aos-40k
/blog/vlogs/just-showing-up-fixed-my-3d-printer/,/vlog/just-showing-up-fixed-my-3d-printer/,vlog,Fixing My 3D Printer by Reflashing the Firmware,2025-10-18,380,938,"3d-printing,orcs-and-goblins,warhammer",pinAzyP--G0,,keep live + indexed under /vlog/; 301 from old URL; add intro/related-guides block,warhammer-aos-40k
/blog/vlogs/just-vloggin/,/vlog/just-vloggin/,vlog,Just Vloggin,2025-11-02,388,1650,"orcs-and-goblins,warhammer,indie-miniatures",1WpHOp1ViNo,,keep live + indexed under /vlog/; 301 from old URL; add intro/related-guides block,warhammer-aos-40k
/blog/vlogs/keeping-the-hobby-streak-alive-1/,/vlog/keeping-the-hobby-streak-alive-1/,vlog,Keeping the hobby streak alive.,2026-03-23,12,192,"glazing,painting,tutorial,infinity",0xSDcjNIZ7E,,keep live + indexed under /vlog/; 301 from old URL; add intro/related-guides block,infinity
/blog/vlogs/keeping-the-hobby-streak-alive/,/vlog/keeping-the-hobby-streak-alive/,vlog,Keeping the Hobby Streak Alive,2026-01-30,292,478,"painting,hobby-motivation",OZYWfDblpf8,,keep live + indexed under /vlog/; 301 from old URL; add intro/related-guides block,
/blog/vlogs/lava-rock-diorama-for-teaspoon-part-1/,/vlog/lava-rock-diorama-for-teaspoon-part-1/,vlog,"Building Teaspoon's Lava Rock Diorama, Part 1",2026-06-23,1735,0,"building,orcs-and-goblins,basing,painting,3d-printing,stripping,terrain",fMeIbK-PhK0,,keep live + indexed under /vlog/; 301 from old URL; add intro/related-guides block,
/blog/vlogs/lego-dnd-prep/,/vlog/lego-dnd-prep/,vlog,Lego D&D Prep,2026-02-28,10,740,"dungeons-and-dragons,lego,ttrpg",-b_UI-4-nxg,,keep live + indexed under /vlog/; 301 from old URL; add intro/related-guides block,
/blog/vlogs/limping-through-day-100-with-bases/,/vlog/limping-through-day-100-with-bases/,vlog,Limping Through Day 100 with Bases,2025-12-20,375,559,"3d-printing,basing,crucible-guard",juP4oQlqbbM,,keep live + indexed under /vlog/; 301 from old URL; add intro/related-guides block,
/blog/vlogs/lobster-kisses/,/vlog/lobster-kisses/,vlog,Lobster kisses,2026-06-11,9,112,"glazing,airbrushing,orcs-and-goblins,painting,washes",6wwB7Vk7Tu8,,keep live + indexed under /vlog/; 301 from old URL; add intro/related-guides block,
/blog/vlogs/loose-ends-and-crown-and-skull-session-0/,/vlog/loose-ends-and-crown-and-skull-session-0/,vlog,Loose Ends and Crown & Skull Session 0,2025-11-23,456,2187,"ttrpg,solo-rpg,crafts,airbrushing,trench-crusade",uwKk6ID2qMA,,keep live + indexed under /vlog/; 301 from old URL; add intro/related-guides block,trench-crusade
/blog/vlogs/mage-knight-dungeons-solo/,/vlog/mage-knight-dungeons-solo/,vlog,Mage Knight Dungeons Solo,2025-12-31,859,8767,"mage-knight,solo-rpg,ttrpg",kMEuyyNfMLE,,keep live + indexed under /vlog/; 301 from old URL; add intro/related-guides block,mage-knight
/blog/vlogs/mail-day-1/,/vlog/mail-day-1/,vlog,Mail day,2026-04-28,9,174,"painting,metallics,warmachine,mage-knight,orcs-and-goblins,unboxing",aHxlC1qboo8,,keep live + indexed under /vlog/; 301 from old URL; add intro/related-guides block,warmachine
/blog/vlogs/mail-day-and-what-s-coming-next/,/vlog/mail-day-and-what-s-coming-next/,vlog,Mail day and what’s coming next,2026-05-28,13,485,"building,warmachine,orcs-and-goblins,basing,metallics,airbrushing,terrain",IGEmqUB8X2U,,keep live + indexed under /vlog/; 301 from old URL; add intro/related-guides block,warmachine
/blog/vlogs/mail-day-rare-ral-partha-and-mage-knight-metals/,/vlog/mail-day-rare-ral-partha-and-mage-knight-metals/,vlog,Mail Day - Rare Ral Partha and Mage Knight Metals,2025-12-13,570,741,"mage-knight,collection,unboxing",tZUX53gHsgw,,keep live + indexed under /vlog/; 301 from old URL; add intro/related-guides block,mage-knight
/blog/vlogs/mail-day/,/vlog/mail-day/,vlog,Mail Day,2025-11-01,279,771,"unboxing,warmachine,dusk",8RkBilxIOcU,,keep live + indexed under /vlog/; 301 from old URL; add intro/related-guides block,warmachine
/blog/vlogs/making-some-additions-to-the-board/,/vlog/making-some-additions-to-the-board/,vlog,Making Some Additions to the Board,2025-11-10,343,570,"terrain,motley-crews,indie-miniatures",hqOyMAhSgLA,,keep live + indexed under /vlog/; 301 from old URL; add intro/related-guides block,motley-crews
/blog/vlogs/may-24-2026/,/vlog/may-24-2026/,vlog,"May 24, 2026",2026-05-25,10,60,"airbrushing,basing,painting,cloth",6jPo7HD72Z8,,keep live + indexed under /vlog/; 301 from old URL; add intro/related-guides block,
/blog/vlogs/may-26-2026/,/vlog/may-26-2026/,vlog,"May 26, 2026",2026-05-27,10,0,,Yjx7PWRq4ek,,keep live + indexed under /vlog/; 301 from old URL; add intro/related-guides block,
/blog/vlogs/may-5-2026/,/vlog/may-5-2026/,vlog,Wanted! Reward: CC 10000 Appliances on the Print Bed,2026-05-06,10,49,3d-printing,fAUU1X5H7UI,,keep live + indexed under /vlog/; 301 from old URL; add intro/related-guides block,
/blog/vlogs/midnight-kitbashing-continues/,/vlog/midnight-kitbashing-continues/,vlog,"Ogryn Kitbash Part 2: Shoulders, Staff, and Story",2025-10-01,339,693,"kitbashing,necromunda,inq28,sculpting",d7CjMnFIxLc,,keep live + indexed under /vlog/; 301 from old URL; add intro/related-guides block,necromunda
/blog/vlogs/monster-friends-energy-counter/,/vlog/monster-friends-energy-counter/,vlog,Monster Friends Energy Counter,2026-05-12,90,0,"monster-friends,3d-printing,crafts",,true,keep live + indexed under /vlog/; 301 from old URL; add intro/related-guides block,monster-friends-battle-for-new-florida
/blog/vlogs/more-cleaning-vlog/,/vlog/more-cleaning-vlog/,vlog,More Cleaning Vlog,2025-11-21,426,788,"workspace,trench-crusade,warmachine,dusk",DmkcgdJh7dc,,keep live + indexed under /vlog/; 301 from old URL; add intro/related-guides block,warmachine
/blog/vlogs/more-daemon-prince-progress/,/vlog/more-daemon-prince-progress/,vlog,More Daemon Prince Progress,2026-02-14,11,398,"children-of-gomb,sculpting,kitbashing,inq28",-MA7hIaPSy8,,keep live + indexed under /vlog/; 301 from old URL; add intro/related-guides block,
/blog/vlogs/more-progress-on-everything-im-working-on/,/vlog/more-progress-on-everything-im-working-on/,vlog,More Progress on Everything I'm Working On,2025-11-26,286,534,"3d-printing,trench-crusade,leather",K68OeFZOx_w,,keep live + indexed under /vlog/; 301 from old URL; add intro/related-guides block,trench-crusade
/blog/vlogs/more-progress-on-the-children-of-gomb-entry/,/vlog/more-progress-on-the-children-of-gomb-entry/,vlog,More Progress on the Children of Gomb Entry,2026-03-09,15,380,"children-of-gomb,midgard,painting,historical-miniatures,inq28",bWV0v1u65es,,keep live + indexed under /vlog/; 301 from old URL; add intro/related-guides block,
/blog/vlogs/more-progress-on-the-normans/,/vlog/more-progress-on-the-normans/,vlog,More Progress on the Normans,2026-03-29,12,257,"painting,historical-miniatures,leather,metallics,speed-painting",U2xyTaIwI48,,keep live + indexed under /vlog/; 301 from old URL; add intro/related-guides block,
/blog/vlogs/my-first-one-piece-tcg-event/,/vlog/my-first-one-piece-tcg-event/,vlog,My First One Piece TCG Event,2026-01-11,898,2329,"card-games,competition",0kuendiUvs4,,keep live + indexed under /vlog/; 301 from old URL; add intro/related-guides block,
/blog/vlogs/new-army-project-officially-started/,/vlog/new-army-project-officially-started/,vlog,New Army Project Officially Started,2025-11-15,181,234,"warmachine,dusk",8-HYKrr_U6Y,,keep live + indexed under /vlog/; 301 from old URL; add intro/related-guides block,warmachine
/blog/vlogs/new-warmachine-caster/,/vlog/new-warmachine-caster/,vlog,New Warmachine Caster — Infernals Complete,2026-04-06,13,83,"resin-casting,warmachine,airbrushing,3d-printing",VH4-x4Snj74,,keep live + indexed under /vlog/; 301 from old URL; add intro/related-guides block,warmachine
/blog/vlogs/nmm-blue-steel-scales-and-an-existential-crisis/,/vlog/nmm-blue-steel-scales-and-an-existential-crisis/,vlog,NMM Blue Steel Scales and an Existential Crisis,2026-04-14,15,1342,"painting,metallics,orcs-and-goblins,glazing,washes,stripping,3d-printing",PO9ecI8IlBU,,keep live + indexed under /vlog/; 301 from old URL; add intro/related-guides block,
/blog/vlogs/no-making-the-same-mistakes-as-i-usually-do/,/vlog/no-making-the-same-mistakes-as-i-usually-do/,vlog,No making the same mistakes as I usually do,2026-04-30,16,594,"kitbashing,warhammer,building,buying-selling,painting,event-recap,orcs-and-goblins",4OxyVaXwrj4,,keep live + indexed under /vlog/; 301 from old URL; add intro/related-guides block,warhammer-aos-40k
/blog/vlogs/one-of-my-new-favorites/,/vlog/one-of-my-new-favorites/,vlog,One of my new favorites.,2026-05-14,129,0,collection,0nbdrYEeI58,,keep live + indexed under /vlog/; 301 from old URL; add intro/related-guides block,
/blog/vlogs/opening-20-year-old-mage-knight-boosters/,/vlog/opening-20-year-old-mage-knight-boosters/,vlog,Opening 20 Year Old Mage Knight Boosters,2025-12-28,607,1269,"mage-knight,unboxing,solo-rpg,collection",MHR0qflZuCc,,keep live + indexed under /vlog/; 301 from old URL; add intro/related-guides block,mage-knight
/blog/vlogs/orc-bases-and-flesh/,/vlog/orc-bases-and-flesh/,vlog,Orc bases and flesh,2026-05-17,11,0,"basing,orcs-and-goblins",qTXDUpqjBHc,,keep live + indexed under /vlog/; 301 from old URL; add intro/related-guides block,
/blog/vlogs/paint-and-ramble-hobby-pressure/,/vlog/paint-and-ramble-hobby-pressure/,vlog,Paint & Ramble: Hobby Pressure,2025-10-30,457,1991,"hobby-motivation,collection,painting",k-s68f19hyI,,keep live + indexed under /vlog/; 301 from old URL; add intro/related-guides block,
/blog/vlogs/paint-and-ramble-night/,/vlog/paint-and-ramble-night/,vlog,Paint and Ramble Night,2026-02-26,11,489,"painting,infinity,commission,scale-75,glazing,basing,warhammer",irk4Jyzxhug,,keep live + indexed under /vlog/; 301 from old URL; add intro/related-guides block,infinity
/blog/vlogs/paint-and-ramble-vlog/,/vlog/paint-and-ramble-vlog/,vlog,Paint and Ramble Vlog,2025-12-30,872,2042,"warmachine,crucible-guard,speed-painting,army-painter",0vJbZA1fQ6Y,,keep live + indexed under /vlog/; 301 from old URL; add intro/related-guides block,warmachine
/blog/vlogs/painting-and-ranting-about-game-design/,/vlog/painting-and-ranting-about-game-design/,vlog,Painting and Ranting about Game Design,2026-03-15,13,500,"ttrpg,warhammer,painting,glazing,infinity,warmachine",WiN3L0UX8j4,,keep live + indexed under /vlog/; 301 from old URL; add intro/related-guides block,warmachine
/blog/vlogs/painting-blue-and-planning-the-next-couple-of-projects/,/vlog/painting-blue-and-planning-the-next-couple-of-projects/,vlog,Painting blue and planning the next couple of projects.,2026-05-23,16,702,painting,4K9Py5rS05c,,keep live + indexed under /vlog/; 301 from old URL; add intro/related-guides block,
/blog/vlogs/painting-dirt-hobby-vlog-99/,/vlog/painting-dirt-hobby-vlog-99/,vlog,Painting Dirt - Hobby Vlog 99,2025-12-19,607,1200,"terrain,painting,mage-knight,unboxing",cjHNFTbGyCY,,keep live + indexed under /vlog/; 301 from old URL; add intro/related-guides block,mage-knight
/blog/vlogs/painting-some-infinity-models/,/vlog/painting-some-infinity-models/,vlog,Painting some infinity models,2026-04-26,11,1347,"painting,airbrushing,orcs-and-goblins,building,basing,skin-tones,contrast-paints",Uelyqf2Y5FQ,,keep live + indexed under /vlog/; 301 from old URL; add intro/related-guides block,
/blog/vlogs/painting-the-wood-on-the-love-shack/,/vlog/painting-the-wood-on-the-love-shack/,vlog,Painting the Wood on The Love Shack,2025-12-03,540,1847,"terrain,contrast-paints,dry-brushing,painting,tutorial",KX1xw7XCq-s,,keep live + indexed under /vlog/; 301 from old URL; add intro/related-guides block,
/blog/vlogs/planning-a-new-hobby-room-layout/,/vlog/planning-a-new-hobby-room-layout/,vlog,"Planning the Hobby Room, Attempt Number Six",2026-06-16,1643,0,"terrain,painting,building,3d-printing,buying-selling,airbrushing,workspace",nM6sKaVGmpc,,keep live + indexed under /vlog/; 301 from old URL; add intro/related-guides block,
/blog/vlogs/prepping-for-game-day/,/vlog/prepping-for-game-day/,vlog,Prepping for game day,2026-06-07,11,2278,"snow-effects,basing,leather,painting,warmachine,building",-atVrQVD4TE,,keep live + indexed under /vlog/; 301 from old URL; add intro/related-guides block,warmachine
/blog/vlogs/quick-base-work/,/vlog/quick-base-work/,vlog,Quick Base Work,2026-01-03,397,744,"basing,weathering,metallics,painting",TQxF7pJweAs,,keep live + indexed under /vlog/; 301 from old URL; add intro/related-guides block,
/blog/vlogs/quick-hobby-update/,/vlog/quick-hobby-update/,vlog,Quick Hobby Update,2026-04-05,10,421,"painting,3d-printing,resin-casting,building,dusk,snow-effects",U1BvKah394c,,keep live + indexed under /vlog/; 301 from old URL; add intro/related-guides block,
/blog/vlogs/quick-vlog-day-97/,/vlog/quick-vlog-day-97/,vlog,Sealing the Terrain Board and Printing a Vulcan,2025-12-17,275,307,"terrain,3d-printing,crucible-guard,warmachine",XiruNWp8ELs,,keep live + indexed under /vlog/; 301 from old URL; add intro/related-guides block,warmachine
/blog/vlogs/quick-vlog-update-rip-airbrush/,/vlog/quick-vlog-update-rip-airbrush/,vlog,My 12-Year-Old Airbrush Died Mid-Priming,2025-09-29,355,474,"airbrushing,warmachine",8Ab7CTTqmKE,,keep live + indexed under /vlog/; 301 from old URL; add intro/related-guides block,warmachine
/blog/vlogs/quick-vlog/,/vlog/quick-vlog/,vlog,Hobby Queue Check-In: What's Next on the Bench,2025-11-13,118,297,,Gh7q0iR95JY,,keep live + indexed under /vlog/; 301 from old URL; add intro/related-guides block,
/blog/vlogs/rambling-about-competitive-vs-fun-games/,/vlog/rambling-about-competitive-vs-fun-games/,vlog,Rambling about competitive vs fun games.,2026-06-10,13,721,"warmachine,terrain,orcs-and-goblins,snow-effects,kingdom-death,building",IrYUuzf1sEo,,keep live + indexed under /vlog/; 301 from old URL; add intro/related-guides block,warmachine
/blog/vlogs/return-of-the-cubes/,/vlog/return-of-the-cubes/,vlog,Return of the Cubes,2025-11-12,236,389,"terrain,motley-crews,weathering,workspace",NXcsGvqNzbc,,keep live + indexed under /vlog/; 301 from old URL; add intro/related-guides block,motley-crews
/blog/vlogs/rip-to-my-heat-gun/,/vlog/rip-to-my-heat-gun/,vlog,RIP to my heat gun,2026-04-21,12,792,"painting,glazing,metallics,airbrushing,dusk,snow-effects",ziJvp2o7AOY,,keep live + indexed under /vlog/; 301 from old URL; add intro/related-guides block,
/blog/vlogs/scratch-building-a-wargame-board-almost-ready-for-paint/,/vlog/scratch-building-a-wargame-board-almost-ready-for-paint/,vlog,Scratch Building a Wargame Board - Almost Ready for Paint,2025-09-23,484,2397,"terrain,building,tutorial",4ipANeZ_LFY,,keep live + indexed under /vlog/; 301 from old URL; add intro/related-guides block,
/blog/vlogs/sculpting-toes/,/vlog/sculpting-toes/,vlog,Sculpting Toes,2026-02-15,9,336,"sculpting,children-of-gomb,kitbashing,inq28",-gMaiDR69ok,,keep live + indexed under /vlog/; 301 from old URL; add intro/related-guides block,
/blog/vlogs/self-reflection-and-story-time/,/vlog/self-reflection-and-story-time/,vlog,Self Reflection & Story Time,2025-11-18,682,2888,"workspace,competition",V_-LuA1GuDM,,keep live + indexed under /vlog/; 301 from old URL; add intro/related-guides block,
/blog/vlogs/showing-off-some-warmachine-minis/,/vlog/showing-off-some-warmachine-minis/,vlog,Showing Off Some Warmachine Minis,2025-10-24,332,1380,"warmachine,orcs-and-goblins,contrast-paints,collection",6D23c7QRk2c,,keep live + indexed under /vlog/; 301 from old URL; add intro/related-guides block,warmachine
/blog/vlogs/sick-q-a/,/vlog/sick-q-a/,vlog,Sick Q&A,2026-03-26,9,343,"kal-arath,kingdom-death,solo-rpg,crafts,smashbash",WqpimW1H2pc,,keep live + indexed under /vlog/; 301 from old URL; add intro/related-guides block,kingdom-death-monster
/blog/vlogs/slowly-going-insane-removing-mould-lines/,/vlog/slowly-going-insane-removing-mould-lines/,vlog,Slowly Going Insane Removing Mould Lines,2025-10-08,248,391,"orcs-and-goblins,building,warhammer,hobby-motivation",zfAkHtZwJnA,,keep live + indexed under /vlog/; 301 from old URL; add intro/related-guides block,warhammer-aos-40k
/blog/vlogs/smashbash-build-begins/,/vlog/smashbash-build-begins/,vlog,SmashBash Build Begins,2026-04-12,10,0,"building, smashbash",UA05maxLKkk,,keep live + indexed under /vlog/; 301 from old URL; add intro/related-guides block,
/blog/vlogs/some-late-night-reading-after-this-came-in-the-mail-today/,/vlog/some-late-night-reading-after-this-came-in-the-mail-today/,vlog,Some Late Night Reading After This Came in the Mail Today,2026-04-29,18,20,unboxing,j5Fmnug1-lM,,keep live + indexed under /vlog/; 301 from old URL; add intro/related-guides block,
/blog/vlogs/started-on-the-loincloth/,/vlog/started-on-the-loincloth/,vlog,Started on the Loincloth,2025-11-29,216,261,"infinity,glazing,scale-75,painting",ZCbBgWRWWMU,,keep live + indexed under /vlog/; 301 from old URL; add intro/related-guides block,infinity
/blog/vlogs/starting-my-entry-for-children-of-gomb/,/vlog/starting-my-entry-for-children-of-gomb/,vlog,Starting My Entry for Children of Gomb,2026-02-10,14,243,"children-of-gomb,sculpting,kitbashing,indie-miniatures,competition,inq28",sxnC98FO5T4,,keep live + indexed under /vlog/; 301 from old URL; add intro/related-guides block,
/blog/vlogs/starting-my-first-sculpting-project/,/vlog/starting-my-first-sculpting-project/,vlog,Starting My First Sculpting Project,2026-02-13,12,579,"sculpting,children-of-gomb,kitbashing,indie-miniatures,inq28",W5Q2RzcnJxk,,keep live + indexed under /vlog/; 301 from old URL; add intro/related-guides block,
/blog/vlogs/starting-the-year-with-true-metal-metallics/,/vlog/starting-the-year-with-true-metal-metallics/,vlog,Starting the Year with True Metal Metallics,2026-01-01,1091,2967,"metallics,warmachine,crucible-guard,speed-painting",gUy9KhsE7Ec,,keep live + indexed under /vlog/; 301 from old URL; add intro/related-guides block,warmachine
/blog/vlogs/staying-motivated-during-big-projects/,/vlog/staying-motivated-during-big-projects/,vlog,A Quick-Win Trick for Long Hobby Projects,2025-10-06,243,412,"hobby-motivation,building,tutorial,orcs-and-goblins",5nc4mPCBhCM,,keep live + indexed under /vlog/; 301 from old URL; add intro/related-guides block,
/blog/vlogs/taking-a-look-at-inquisitor-kroyle/,/vlog/taking-a-look-at-inquisitor-kroyle/,vlog,Taking a look at Inquisitor Kroyle,2026-05-13,13,609,"painting,kitbashing,unboxing,warmachine,warhammer",9Z9Re87HRlE,,keep live + indexed under /vlog/; 301 from old URL; add intro/related-guides block,warmachine
/blog/vlogs/the-daily-vlog-returns/,/vlog/the-daily-vlog-returns/,vlog,The daily vlog returns,2026-06-15,11,1499,"painting,orcs-and-goblins,airbrushing,basing,snow-effects,3d-printing,building",vd5EkLToljw,,keep live + indexed under /vlog/; 301 from old URL; add intro/related-guides block,
/blog/vlogs/the-first-miniatures-i-ever-painted/,/vlog/the-first-miniatures-i-ever-painted/,vlog,The First Miniatures I Ever Painted,2025-12-01,677,2450,"mage-knight,collection",hU5kh8u9Xf0,,keep live + indexed under /vlog/; 301 from old URL; add intro/related-guides block,mage-knight
/blog/vlogs/the-power-of-purple/,/vlog/the-power-of-purple/,vlog,The power of purple,2026-06-06,11,1799,"painting,metallics,airbrushing,orcs-and-goblins,basing,washes",bVqyA8VH5xY,,keep live + indexed under /vlog/; 301 from old URL; add intro/related-guides block,
/blog/vlogs/these-miniatures-changed-how-i-looked-at-the-hobby/,/vlog/these-miniatures-changed-how-i-looked-at-the-hobby/,vlog,These Miniatures Changed How I Looked at the Hobby,2026-03-17,16,435,"resin-casting,smashbash,indie-miniatures,inq28,unboxing",K25iQgmnRz0,,keep live + indexed under /vlog/; 301 from old URL; add intro/related-guides block,
/blog/vlogs/thoughts-on-90-days-of-hobby-vlogging/,/vlog/thoughts-on-90-days-of-hobby-vlogging/,vlog,Thoughts On 90 Days of Hobby Vlogging,2025-12-10,615,1818,"hobby-motivation,dolmenwood",6XcmbAr7Xwk,,keep live + indexed under /vlog/; 301 from old URL; add intro/related-guides block,dolmenwood
/blog/vlogs/toad-giveaway/,/vlog/toad-giveaway/,vlog,Toad Giveaway,2025-11-03,318,1248,"giveaway, workspace, collection, resin-casting",dlSOBzZIhiA,,keep live + indexed under /vlog/; 301 from old URL; add intro/related-guides block,
/blog/vlogs/vlog-day-6-almost-done-with-the-board/,/vlog/vlog-day-6-almost-done-with-the-board/,vlog,Vlog Day 6 - Almost Done with the Board,2025-09-16,263,685,"terrain,airbrushing,streaking-grime",6WErZ0Rmub0,,keep live + indexed under /vlog/; 301 from old URL; add intro/related-guides block,
/blog/vlogs/vlog-update-prepping-models-for-mass-assembly/,/vlog/vlog-update-prepping-models-for-mass-assembly/,vlog,Vlog Update - Prepping Models for Mass Assembly,2025-10-05,227,343,"building,orcs-and-goblins,tutorial,warmachine",M4p5S-_VHvg,,keep live + indexed under /vlog/; 301 from old URL; add intro/related-guides block,warmachine
/blog/vlogs/vlogging-hobby-struggles-to-hopefully-motivate-everyone-else/,/vlog/vlogging-hobby-struggles-to-hopefully-motivate-everyone-else/,vlog,Vlogging Hobby Struggles to Hopefully Motivate Everyone Else,2025-10-22,339,591,"orcs-and-goblins,hobby-motivation,warmachine,tutorial",ZEG9lty59x0,,keep live + indexed under /vlog/; 301 from old URL; add intro/related-guides block,warmachine
/blog/vlogs/vlogging-my-failures-again/,/vlog/vlogging-my-failures-again/,vlog,"Goblins Off Bases, Bad Casts, and Homemade Music",2025-10-12,300,761,"hobby-motivation,orcs-and-goblins,basing,resin-casting",AkrjPDWltRM,,keep live + indexed under /vlog/; 301 from old URL; add intro/related-guides block,
/blog/vlogs/warmachine-event-photos/,/vlog/warmachine-event-photos/,vlog,Warmachine Event Photos,2025-10-27,215,272,"warmachine,event-recap,battle-report",FVYIh7SuIFo,,keep live + indexed under /vlog/; 301 from old URL; add intro/related-guides block,warmachine
/blog/vlogs/warmachine-winter-wonderland-event-photos/,/vlog/warmachine-winter-wonderland-event-photos/,vlog,Warmachine Winter Wonderland Event Photos,2025-12-07,358,430,"warmachine,event-recap",jbrCvayeZjY,,keep live + indexed under /vlog/; 301 from old URL; add intro/related-guides block,warmachine
/blog/vlogs/why-are-3d-sculpted-models-so-overly-detailed/,/vlog/why-are-3d-sculpted-models-so-overly-detailed/,vlog,Why are 3d sculpted models so overly detailed?,2026-04-16,15,409,"painting,warmachine,cloth,metallics,building,terrain,3d-printing",Xd0J5dG7Ijw,,keep live + indexed under /vlog/; 301 from old URL; add intro/related-guides block,warmachine
/blog/vlogs/will-i-see-another-summer-again/,/vlog/will-i-see-another-summer-again/,vlog,Will I See Another Summer Again,2025-12-21,82,71,"3d-printing,basing",7KMb9KcEs9Y,,keep live + indexed under /vlog/; 301 from old URL; add intro/related-guides block,
/blog/vlogs/working-on-ultimate-dungeon-terrain-and-a-whole-day-of-hobbying/,/vlog/working-on-ultimate-dungeon-terrain-and-a-whole-day-of-hobbying/,vlog,Working on Ultimate Dungeon Terrain & A Whole Day of Hobbying,2025-12-16,926,2938,"terrain,3d-printing,sculpting,crucible-guard",8Eg2Z73nSjk,,keep live + indexed under /vlog/; 301 from old URL; add intro/related-guides block,
/blog/vlogs/wtf-is-a-rectifier/,/vlog/wtf-is-a-rectifier/,vlog,Wtf is a rectifier.,2026-04-24,11,430,,chtJTkkg1Ts,,keep live + indexed under /vlog/; 301 from old URL; add intro/related-guides block,
/blog/articles/oldhammer-year-2027/,/articles/oldhammer-year-2027/,keep-article,2027 Is My Oldhammer Year,2026-08-23,765,0,"warhammer,competition,hobby-motivation,painting,collection",,true,blog → articles,warhammer-aos-40k
/blog/articles/online-painting-competitions-2026/,/articles/online-painting-competitions-2026/,keep-article,Online Miniature Painting & Modeling Competitions for 2026,2026-03-12,1508,0,"painting,competition",,,blog → articles,
/blog/articles/rss-feeds/,/articles/rss-feeds/,keep-article,RSS Feeds,2026-03-20,424,0,resources,,,blog → articles,
/blog/resources/mageknight-army-checklist/,/games/mage-knight/army-checklist/,keep-resource,H0urg1ass's Army Checklist,2025-12-02,381,0,"mage-knight,resources",,,Mage Knight archive → nested under game hub,mage-knight
/blog/resources/mageknight-army-themes/,/games/mage-knight/army-themes/,keep-resource,H0urg1ass's Army Theme Guide,2025-12-02,2024,0,"mage-knight,resources",,,Mage Knight archive → nested under game hub,mage-knight
/blog/resources/mageknight-attacking-by-numbers/,/games/mage-knight/attacking-by-numbers/,keep-resource,Attacking by the Numbers,2025-12-02,1272,0,"mage-knight,resources",,,Mage Knight archive → nested under game hub,mage-knight
/blog/resources/mageknight-killing-uniques/,/games/mage-knight/killing-uniques/,keep-resource,Guide to Maiming/Killing Uniques,2025-12-02,1376,0,"mage-knight,resources",,,Mage Knight archive → nested under game hub,mage-knight
/blog/resources/mageknight-meta-checklist/,/games/mage-knight/meta-checklist/,keep-resource,Mage Knight 1.0 Meta Figure Checklist,2025-11-30,485,0,"mage-knight,resources",,,Mage Knight archive → nested under game hub,mage-knight
/blog/resources/mageknight-meta/,/games/mage-knight/meta/,keep-resource,Mage Knight 1.0 Final Meta,2025-11-20,3556,0,"mage-knight,resources",,,Mage Knight archive → nested under game hub,mage-knight
/blog/resources/mageknight-metals-checklist/,/games/mage-knight/metals-checklist/,keep-resource,Mage Knight Metals Checklist,2025-12-14,1054,0,"mage-knight,resources",,,Mage Knight archive → nested under game hub,mage-knight
/blog/resources/mageknight-movement-positioning/,/games/mage-knight/movement-positioning/,keep-resource,Bakerkenn's Guide to Movement and Positioning,2025-12-02,1032,0,"mage-knight,resources",,,Mage Knight archive → nested under game hub,mage-knight
/blog/resources/mageknight-resources/,/games/mage-knight/resources/,keep-resource,Mage Knight 1.0 Resources,2025-12-06,315,0,"mage-knight,resources",,,Mage Knight archive → nested under game hub,mage-knight
/blog/resources/mageknight-shades-melee-swarm/,/games/mage-knight/shades-melee-swarm/,keep-resource,Shades & Melee Swarm,2025-12-02,1572,0,"mage-knight,resources",,,Mage Knight archive → nested under game hub,mage-knight
/blog/resources/mageknight-shakti-strategy-tactics/,/games/mage-knight/shakti-strategy-tactics/,keep-resource,Shakti's Strategy & Tactics Guide,2025-12-02,2978,0,"mage-knight,resources",,,Mage Knight archive → nested under game hub,mage-knight
/blog/resources/mageknight-stormfox-newbie-guide/,/games/mage-knight/stormfox-newbie-guide/,keep-resource,Stormfox's Newbie Guide to Mage Knight,2025-12-02,1928,0,"mage-knight,resources",,,Mage Knight archive → nested under game hub,mage-knight
/blog/resources/mageknight-threat-counterthreat/,/games/mage-knight/threat-counterthreat/,keep-resource,Threat and Counter-Threat,2025-12-02,1055,0,"mage-knight,resources",,,Mage Knight archive → nested under game hub,mage-knight
/blog/vlogs/2-color-nmm-easy-peasy-style/,/guides/2-color-nmm-easy-peasy-style/,promote-guide,2 Color NMM Easy Peasy Style,2025-09-11,862,2504,"nmm,metallics,tutorial,scale-75,glazing",LEubtM-faJ4,,rewrite as evergreen guide; attach to game/technique,
/blog/vlogs/20-minute-purple-robe/,/guides/20-minute-purple-robe/,promote-guide,20 Minute Purple Robe,2026-01-13,497,3078,"speed-painting,dolmenwood,cloth,contrast-paints,painting,tutorial",3SV43eaK8xw,,rewrite as evergreen guide; attach to game/technique,dolmenwood
/blog/vlogs/3d-printing-kdm-terrain/,/guides/3d-printing-kdm-terrain/,promote-guide,3D Printing KDM Terrain,2026-02-07,11,224,"3d-printing, kingdom-death, terrain",gb89E4ogyAM,,rewrite as evergreen guide; attach to game/technique,kingdom-death-monster
/blog/vlogs/40-minute-painting-tutorial/,/guides/40-minute-painting-tutorial/,promote-guide,40 minute painting tutorial,2026-05-20,11,6389,"painting,glazing, infinity",MQDvqi83GUI,,rewrite as evergreen guide; attach to game/technique,infinity
/blog/vlogs/a-christmas-oil-wash/,/guides/a-christmas-oil-wash/,promote-guide,A Christmas Oil Wash,2025-12-25,188,205,"terrain,washes",bq4ratJ4pe0,,rewrite as evergreen guide; attach to game/technique,
/blog/vlogs/a-new-way-to-paint-skeletons/,/guides/a-new-way-to-paint-skeletons/,promote-guide,A new way to paint skeletons,2026-07-10,94,1976,"painting,airbrushing,basing,tutorial,ttrpg",-gyL3XvlLXc,,rewrite as evergreen guide; attach to game/technique,
/blog/vlogs/airbrushing-speed-paints-to-easy-mode-horses/,/guides/airbrushing-speed-paints-to-easy-mode-horses/,promote-guide,Airbrushing Speed Paints to Easy Mode Horses,2026-03-18,14,267,"airbrushing,speed-painting,army-painter,historical-miniatures",1clIII5tYBU,,rewrite as evergreen guide; attach to game/technique,
/blog/vlogs/another-board-done/,/guides/another-board-done/,promote-guide,Finishing a Mossy Terrain Board With an Oil Wash,2025-12-26,91,82,"terrain,washes",D0aEt18FXQk,,rewrite as evergreen guide; attach to game/technique,
/blog/vlogs/another-easy-way-to-paint-faces/,/guides/another-easy-way-to-paint-faces/,promote-guide,Another easy way to paint faces,2026-05-11,13,612,"skin-tones,painting,glazing",rjIY43gh19k,,rewrite as evergreen guide; attach to game/technique,
/blog/vlogs/asmr-drybrushing/,/guides/asmr-drybrushing/,promote-guide,ASMR Drybrushing,2025-12-24,425,510,"terrain,dry-brushing",mFtmW61xLm8,,rewrite as evergreen guide; attach to game/technique,
/blog/vlogs/basing-and-life-tips/,/guides/basing-and-life-tips/,promote-guide,Basing and Life Tips,2026-01-07,502,996,"basing,hobby-motivation,painting",rD-EVz2Ysx0,,rewrite as evergreen guide; attach to game/technique,
/blog/vlogs/casting-my-own-bases/,/guides/casting-my-own-bases/,promote-guide,Casting My Own Bases,2025-10-17,261,493,"resin-casting,basing",okP03GxXgJA,,rewrite as evergreen guide; attach to game/technique,
/blog/vlogs/daily-hobby-vlog-fixing-some-problems-and-causing-more/,/guides/daily-hobby-vlog-fixing-some-problems-and-causing-more/,promote-guide,Re-Cutting a Toad Mold and Gluing Goblins Wrong,2025-10-11,806,1751,"resin-casting,sculpting",SqTkfKeL0kA,,rewrite as evergreen guide; attach to game/technique,
/blog/vlogs/dolmenwood-official-figures-dolmenwood-miniature-dungeonsanddragons/,/guides/dolmenwood-official-figures-dolmenwood-miniature-dungeonsanddragons/,promote-guide,Dolmenwood official figures. #dolmenwood #miniature #dungeonsanddragons,2025-12-10,13,0,"dolmenwood,ttrpg",P3ts8YDhLZY,,rewrite as evergreen guide; attach to game/technique,dolmenwood
/blog/vlogs/dolmenwood-players-book-flip-through/,/guides/dolmenwood-players-book-flip-through/,promote-guide,Dolmenwood Players Book Flip Through,2025-12-12,733,5162,"dolmenwood,ttrpg,review,unboxing",lI90LdLxLhQ,,rewrite as evergreen guide; attach to game/technique,dolmenwood
/blog/vlogs/dolmenwood-unboxing/,/guides/dolmenwood-unboxing/,promote-guide,Dolmenwood Unboxing,2025-12-08,598,2561,"dolmenwood,unboxing,ttrpg",k0GAjUR7UKY,,rewrite as evergreen guide; attach to game/technique,dolmenwood
/blog/vlogs/easy-mode-goblin-faces/,/guides/easy-mode-goblin-faces/,promote-guide,Easy Mode Goblin Faces,2025-11-09,413,1480,"painting,tutorial,orcs-and-goblins,skin-tones,speed-painting,warhammer",xetQZ0utoz0,,rewrite as evergreen guide; attach to game/technique,warhammer-aos-40k
/blog/vlogs/expanding-our-tile-into-a-full-game-board/,/guides/expanding-our-tile-into-a-full-game-board/,promote-guide,Expanding Our Tile Into a Full Game Board,2025-09-19,207,373,"terrain,building",ceFcBn1RGnc,,rewrite as evergreen guide; attach to game/technique,
/blog/vlogs/failed-attempt-at-nmm-tutorial/,/guides/failed-attempt-at-nmm-tutorial/,promote-guide,Failed attempt at NMM tutorial,2026-04-25,12,413,"painting,metallics,airbrushing,glazing,nmm",PhfNeUaBazg,,rewrite as evergreen guide; attach to game/technique,
/blog/vlogs/fixing-warped-terrain-boards/,/guides/fixing-warped-terrain-boards/,promote-guide,Fixing Warped Terrain Boards,2025-09-20,255,1068,terrain,rqFSteBuL_U,,rewrite as evergreen guide; attach to game/technique,
/blog/vlogs/getting-the-most-out-of-dirty-down-moss/,/guides/getting-the-most-out-of-dirty-down-moss/,promote-guide,Getting the Most Out of Dirty Down Moss,2025-09-17,295,969,"dirty-down,weathering,terrain,tutorial",UZNHLu35fRg,,rewrite as evergreen guide; attach to game/technique,
/blog/vlogs/goblin-skin-recipe/,/guides/goblin-skin-recipe/,promote-guide,Goblin Skin Recipe,2025-11-08,97,86,"painting,tutorial,orcs-and-goblins,skin-tones,speed-painting",knCm6eML9Q4,,rewrite as evergreen guide; attach to game/technique,
/blog/vlogs/highlighting-black/,/guides/highlighting-black/,promote-guide,Highlighting black,2026-04-20,9,1195,"painting,glazing,skin-tones,orcs-and-goblins,building,metallics",wSUgQd-UgWs,,rewrite as evergreen guide; attach to game/technique,
/blog/vlogs/highlighting-red/,/guides/highlighting-red/,promote-guide,Highlighting red,2026-04-15,9,1793,"painting,orcs-and-goblins,airbrushing,dry-brushing,washes,metallics",Cujv-qK-pBc,,rewrite as evergreen guide; attach to game/technique,
/blog/vlogs/hobby-vlogging/,/guides/hobby-vlogging/,promote-guide,Rebasing 60 Goblins and Pouring a Base Mold,2025-10-16,647,1311,"orcs-and-goblins,basing,resin-casting,glazing",UfEn0evllfU,,rewrite as evergreen guide; attach to game/technique,
/blog/vlogs/how-i-clean-my-resin-3d-prints/,/guides/how-i-clean-my-resin-3d-prints/,promote-guide,How I Clean My Resin 3D Prints,2025-11-27,560,1556,"3d-printing,resin-casting,tutorial,workspace",HQHqKy3R6XI,,rewrite as evergreen guide; attach to game/technique,
/blog/vlogs/how-to-create-a-dolmenwood-character/,/guides/how-to-create-a-dolmenwood-character/,promote-guide,How to Create a Dolmenwood Character,2025-12-14,674,1298,"dolmenwood, ttrpg, tutorial",FSZhKDaZ3rY,,rewrite as evergreen guide; attach to game/technique,dolmenwood
/blog/vlogs/how-to-get-better-by-playing-yourself/,/guides/how-to-get-better-by-playing-yourself/,promote-guide,How to Get Better by Playing Yourself,2026-04-10,14,1060,"warmachine,snow-effects,terrain,orcs-and-goblins,resin-casting,battle-report",SZ661gKzHo4,,rewrite as evergreen guide; attach to game/technique,warmachine
/blog/vlogs/how-to-glaze-for-fun-and-profit/,/guides/how-to-glaze-for-fun-and-profit/,promote-guide,How to Glaze for Fun and Profit,2025-10-14,816,1832,"glazing,tutorial,orcs-and-goblins,skin-tones,scale-75",TruWEs1SILY,,rewrite as evergreen guide; attach to game/technique,
/blog/vlogs/how-to-go-from-0-skills-to-recaster/,/guides/how-to-go-from-0-skills-to-recaster/,promote-guide,Vlog: How to Go from 0 Skills to Recaster,2025-10-10,366,1969,"resin-casting,tutorial",CDQ0_UAK4_c,,rewrite as evergreen guide; attach to game/technique,
/blog/vlogs/how-to-make-scratch-built-terrain-indestructible/,/guides/how-to-make-scratch-built-terrain-indestructible/,promote-guide,How to Make Scratch Built Terrain Indestructible,2025-12-18,398,596,"terrain,tutorial",CShIKY5XHRw,,rewrite as evergreen guide; attach to game/technique,
/blog/vlogs/how-to-make-terrain-glue/,/guides/how-to-make-terrain-glue/,promote-guide,How to make terrain glue,2026-06-27,12,1237,"building,orcs-and-goblins,skin-tones,painting,3d-printing,terrain",pz0IBthAuO8,,rewrite as evergreen guide; attach to game/technique,
/blog/vlogs/how-to-marble-paper/,/guides/how-to-marble-paper/,promote-guide,How to Marble Paper,2025-11-30,555,1940,"crafts,tutorial",SX6mCxwR9VQ,,rewrite as evergreen guide; attach to game/technique,
/blog/vlogs/how-to-paint-brass-gold/,/guides/how-to-paint-brass-gold/,promote-guide,How to Paint Brass / Gold,2026-02-24,13,636,"painting,metallics,dry-brushing,washes,vallejo,monolith-bearer",S-kIBambcI0,,rewrite as evergreen guide; attach to game/technique,
/blog/vlogs/how-to-paint-bronze-part-2/,/guides/how-to-paint-bronze-part-2/,promote-guide,How to Paint Bronze Part 2,2026-02-25,13,495,"painting,metallics,dry-brushing,monolith-bearer",MqDEM3ZrBIU,,rewrite as evergreen guide; attach to game/technique,
/blog/vlogs/how-to-paint-crucible-guard-green/,/guides/how-to-paint-crucible-guard-green/,promote-guide,How to Paint Crucible Guard Green,2025-12-29,616,858,"airbrushing,speed-painting,crucible-guard,warmachine,tutorial,army-painter",uveqt5tezyM,,rewrite as evergreen guide; attach to game/technique,warmachine
/blog/vlogs/how-to-paint-leather-with-just-two-colors/,/guides/how-to-paint-leather-with-just-two-colors/,promote-guide,How to Paint Leather with Just Two Colors,2026-03-24,15,239,"painting,leather,contrast-paints,speed-painting,tutorial,historical-miniatures",ZfP1gGmf-aM,,rewrite as evergreen guide; attach to game/technique,
/blog/vlogs/how-to-paint-pale-orc-flesh/,/guides/how-to-paint-pale-orc-flesh/,promote-guide,How to Paint Pale Orc Flesh,2025-10-25,275,608,"orcs-and-goblins,tutorial,skin-tones,streaking-grime,warhammer",ULWbGfbXUrQ,,rewrite as evergreen guide; attach to game/technique,warhammer-aos-40k
/blog/vlogs/how-to-paint-pale-orc-skin-orktober-paintingwarhammer-warhammer40k-ageofsigmar/,/guides/how-to-paint-pale-orc-skin/,promote-guide,How to Paint Pale Orc Skin,2025-10-25,226,257,"orcs-and-goblins,tutorial,skin-tones,streaking-grime,warhammer",aDv8gCaO3j0,,rewrite as evergreen guide; attach to game/technique,warhammer-aos-40k
/blog/vlogs/how-to-paint-red-airbrush-vs-drybrush/,/guides/how-to-paint-red-airbrush-vs-drybrush/,promote-guide,How to Paint Red - Airbrush vs Drybrush,2025-10-13,550,2635,"tutorial,orcs-and-goblins,airbrushing,dry-brushing,painting,speed-painting",SPlIr3GjXD0,,rewrite as evergreen guide; attach to game/technique,
/blog/vlogs/how-to-paint-talons-and-toesies/,/guides/how-to-paint-talons-and-toesies/,promote-guide,How to Paint Talons & Toesies,2026-03-06,13,394,"painting,washes,weathering,monolith-bearer,midgard",XFBNOEXhTBw,,rewrite as evergreen guide; attach to game/technique,
/blog/vlogs/how-to-paint-the-anchorite-shrine/,/guides/how-to-paint-the-anchorite-shrine/,promote-guide,How to Paint the Anchorite Shrine,2025-09-25,537,1379,"trench-crusade,tutorial,streaking-grime,metallics,painting,terrain",e41VT6pAmv4,,rewrite as evergreen guide; attach to game/technique,trench-crusade
/blog/vlogs/how-to-paint-trench-crusade-communicant/,/guides/how-to-paint-trench-crusade-communicant/,promote-guide,How to Paint Trench Crusade Communicant,2025-09-21,501,1253,"trench-crusade,tutorial,washes,skin-tones",-eeA-PtlHys,,rewrite as evergreen guide; attach to game/technique,trench-crusade
/blog/vlogs/how-to-paint-trench-pilgrims-fast/,/guides/how-to-paint-trench-pilgrims-fast/,promote-guide,How to Paint Trench Pilgrims Fast,2025-09-22,575,1313,"trench-crusade,tutorial,washes,streaking-grime,speed-painting,skin-tones",3zMe3dW878o,,rewrite as evergreen guide; attach to game/technique,trench-crusade
/blog/vlogs/how-to-paint-white-robes/,/guides/how-to-paint-white-robes/,promote-guide,How to Paint White Robes,2026-04-03,12,884,"painting,cloth,glazing,orcs-and-goblins,airbrushing,basing",TdGbVjFl4oA,,rewrite as evergreen guide; attach to game/technique,
/blog/vlogs/how-to-prepare-bases-for-an-entire-army-quickly-and-cheaply/,/guides/how-to-prepare-bases-for-an-entire-army-quickly-and-cheaply/,promote-guide,How to Prepare Bases for an Entire Army Quickly and Cheaply,2025-10-04,253,313,"basing,tutorial,painting,orcs-and-goblins",A_vt3K4HU00,,rewrite as evergreen guide; attach to game/technique,
/blog/vlogs/how-to-speed-paint-faces/,/guides/how-to-speed-paint-faces/,promote-guide,How to speed paint faces,2026-05-10,12,580,"painting,skin-tones,glazing,tutorial,orcs-and-goblins,3d-printing",hGkLmCqfgDE,,rewrite as evergreen guide; attach to game/technique,
/blog/vlogs/how-to-start-commission-painting-and-why-you-maybe-shouldn-t/,/guides/how-to-start-commission-painting-and-why-you-maybe-shouldn-t/,promote-guide,How to Start Commission Painting and Why You Maybe Shouldn't,2026-04-01,17,1320,"painting, buying-selling, snow-effects, terrain, orcs-and-goblins, warhammer, speed-painting",2nFDtjf2pBU,,rewrite as evergreen guide; attach to game/technique,warhammer-aos-40k
/blog/vlogs/how-to-start-playing-necromunda-easily/,/guides/how-to-start-playing-necromunda-easily/,promote-guide,How to Start Playing Necromunda Easily,2025-11-05,216,215,"necromunda,tutorial,resources",zI5TesRUFBk,,rewrite as evergreen guide; attach to game/technique,necromunda
/blog/vlogs/how-to-strip-metal-models-call-to-arms-vlog-prep-day-1/,/guides/how-to-strip-metal-models-call-to-arms-vlog-prep-day-1/,promote-guide,How to Strip Metal Models | Call to Arms Vlog Prep Day 1,2025-09-27,443,801,"stripping,tutorial,competition",fYtWfI7LLBc,,rewrite as evergreen guide; attach to game/technique,
/blog/vlogs/how-to-turn-foam-to-stone/,/guides/how-to-turn-foam-to-stone/,promote-guide,How to Turn Foam to Stone,2025-09-15,224,426,"terrain,tutorial",bnxSKPYdUjc,,rewrite as evergreen guide; attach to game/technique,
/blog/vlogs/how-to-use-dirty-down-rust-creating-blood-gore-part-2/,/guides/how-to-use-dirty-down-rust-creating-blood-gore-part-2/,promote-guide,How to Use Dirty Down Rust + Creating Blood & Gore - Part 2,2025-09-26,381,735,"dirty-down,weathering,trench-crusade,tutorial",D_N7e1hX0Ys,,rewrite as evergreen guide; attach to game/technique,trench-crusade
/blog/vlogs/how-to-wash-bright-red/,/guides/how-to-wash-bright-red/,promote-guide,How to Wash Bright Red,2026-04-11,12,421,"washes, painting, airbrushing, battle-report, orcs-and-goblins, speed-painting, dusk",xecbSOcK1rU,,rewrite as evergreen guide; attach to game/technique,
/blog/vlogs/i-built-90-goblins-in-5-days/,/guides/i-built-90-goblins-in-5-days/,promote-guide,I Built 90 Goblins in 5 Days,2025-10-09,129,158,"orcs-and-goblins,warhammer,building",HG1EykhlbN4,,rewrite as evergreen guide; attach to game/technique,warhammer-aos-40k
/blog/vlogs/i-fixed-my-contrast-paint-problems/,/guides/i-fixed-my-contrast-paint-problems/,promote-guide,I Fixed My Contrast Paint Problems,2025-10-27,200,313,"contrast-paints,speed-painting,tutorial,orcs-and-goblins",LVCm4HrsUTA,,rewrite as evergreen guide; attach to game/technique,
/blog/vlogs/make-your-own-base-texture/,/guides/make-your-own-base-texture/,promote-guide,Make Your Own Base Texture,2025-09-28,242,744,"basing,tutorial",jwb1iXEWtSk,,rewrite as evergreen guide; attach to game/technique,
/blog/vlogs/making-a-board-for-motley-crews/,/guides/making-a-board-for-motley-crews/,promote-guide,Making a Board for Motley Crews,2025-09-13,237,888,"terrain,motley-crews,building",6sEXvpIE3KU,,rewrite as evergreen guide; attach to game/technique,motley-crews
/blog/vlogs/making-a-mold-to-recast-and-customize-miniatures/,/guides/making-a-mold-to-recast-and-customize-miniatures/,promote-guide,Making a Mold to Recast and Customize Miniatures,2026-02-16,15,374,"resin-casting,children-of-gomb,kitbashing,sculpting",Muy6fNAUH0E,,rewrite as evergreen guide; attach to game/technique,
/blog/vlogs/making-progress-on-maximus/,/guides/making-progress-on-maximus/,promote-guide,Pushing Through Maximus's White and Purple Armor,2026-01-12,593,870,"painting,crucible-guard,dolmenwood,warmachine",tMSqCDGiNW4,,rewrite as evergreen guide; attach to game/technique,warmachine
/blog/vlogs/making-stats-for-our-teaspoon-pet/,/guides/making-stats-for-our-teaspoon-pet/,promote-guide,Making stats for our teaspoon pet,2026-06-18,13,353,"orcs-and-goblins,painting,weathering,building,basing,terrain",YesEKDUj7us,,rewrite as evergreen guide; attach to game/technique,
/blog/vlogs/making-zines-is-easy-with-the-right-tools/,/guides/making-zines-is-easy-with-the-right-tools/,promote-guide,Making Zines Is Easy with the Right Tools,2026-03-30,15,518,"crafts,kal-arath,tutorial",olUDGc3KdSQ,,rewrite as evergreen guide; attach to game/technique,kal-arath
/blog/vlogs/merging-stl-files-has-me-feeling-like-a-god/,/guides/merging-stl-files-has-me-feeling-like-a-god/,promote-guide,Merging STL Files Has Me Feeling Like a God!,2025-12-23,61,48,3d-printing,gwI2KWV49uc,,rewrite as evergreen guide; attach to game/technique,
/blog/vlogs/midnight-kitbashing/,/guides/midnight-kitbashing/,promote-guide,Kitbashing an Ogryn with a Cursed City Head,2025-09-30,152,224,"kitbashing,warhammer,sculpting",eyHO9QuQ-Xo,,rewrite as evergreen guide; attach to game/technique,warhammer-aos-40k
/blog/vlogs/mistakes/,/guides/mistakes/,promote-guide,Fixing a Bad Speed Paint Job,2025-09-12,407,709,"hobby-motivation,cloth,painting",QCjlBMVLLOo,,rewrite as evergreen guide; attach to game/technique,
/blog/vlogs/my-favorite-trench-crusade-bases/,/guides/my-favorite-trench-crusade-bases/,promote-guide,My Favorite Trench Crusade Bases,2025-12-02,532,1062,"trench-crusade,basing,3d-printing,indie-miniatures",YCUJF8LpfME,,rewrite as evergreen guide; attach to game/technique,trench-crusade
/blog/vlogs/my-minimal-solo-rpg-kit/,/guides/my-minimal-solo-rpg-kit/,promote-guide,My minimal solo rpg kit,2026-04-17,12,2233,"painting,solo-rpg,snow-effects,orcs-and-goblins,terrain,basing",u76C8PW2thU,,rewrite as evergreen guide; attach to game/technique,
/blog/vlogs/my-tips-on-buying-selling-trading-warhammer-miniatures/,/guides/my-tips-on-buying-selling-trading-warhammer-miniatures/,promote-guide,"My Tips on Buying, Selling, Trading Warhammer Miniatures",2025-10-29,405,1275,"buying-selling,tutorial",rBCM15n5mpo,,rewrite as evergreen guide; attach to game/technique,
/blog/vlogs/necromunda-kitbashing-and-giveaway-winners/,/guides/necromunda-kitbashing-and-giveaway-winners/,promote-guide,Necromunda Kitbashing & Giveaway Winners,2025-11-07,360,1084,"necromunda,kitbashing,giveaway",SfFaP1gTzTI,,rewrite as evergreen guide; attach to game/technique,necromunda
/blog/vlogs/old-school-sand-bases/,/guides/old-school-sand-bases/,promote-guide,Old school sand bases,2026-06-01,11,1715,"basing,painting,building,airbrushing,terrain",NlQ-pzek03o,,rewrite as evergreen guide; attach to game/technique,
/blog/vlogs/other-ways-to-sell-your-hobby-stuff-besides-ebay/,/guides/other-ways-to-sell-your-hobby-stuff-besides-ebay/,promote-guide,Other Ways to Sell Your Hobby Stuff Besides eBay,2026-02-04,16,706,"buying-selling,tutorial,warmachine",vLKc5gg4Iy4,,rewrite as evergreen guide; attach to game/technique,warmachine
/blog/vlogs/paint-a-trench-pilgrim-warband-in-2-hours/,/guides/paint-a-trench-pilgrim-warband-in-2-hours/,promote-guide,Paint a Trench Pilgrim Warband in 2 Hours,2025-09-24,586,1257,"trench-crusade,tutorial,speed-painting,streaking-grime,metallics",5Rw8NqC4Lew,,rewrite as evergreen guide; attach to game/technique,trench-crusade
/blog/vlogs/painting-a-belt-buckle/,/guides/painting-a-belt-buckle/,promote-guide,Painting an NMM Belt Buckle With Scale 75 Grays,2025-11-25,431,1210,"painting,nmm,tutorial",0FmhvgpxakE,,rewrite as evergreen guide; attach to game/technique,
/blog/vlogs/painting-a-leather-belt/,/guides/painting-a-leather-belt/,promote-guide,Painting a Leather Belt,2025-11-24,499,2338,"leather,tutorial,infinity,painting",tII9PExZJ5M,,rewrite as evergreen guide; attach to game/technique,infinity
/blog/vlogs/painting-butcher-klaus-minicrate/,/guides/painting-butcher-klaus-minicrate/,promote-guide,Painting Butcher Klaus Minicrate,2025-12-06,495,1618,"warmachine,speed-painting,army-painter",XjxN8qGoPOo,,rewrite as evergreen guide; attach to game/technique,warmachine
/blog/vlogs/painting-chaosy-green-marble/,/guides/painting-chaosy-green-marble/,promote-guide,Painting Chaosy Green Marble,2026-03-11,11,469,"painting,children-of-gomb,scale-75,crafts,inq28",OViRoDqWe4E,,rewrite as evergreen guide; attach to game/technique,
/blog/vlogs/painting-creepy-cartoonish-skin/,/guides/painting-creepy-cartoonish-skin/,promote-guide,Painting Creepy Cartoonish Skin,2026-03-05,11,558,"painting,skin-tones,scale-75,sculpting,children-of-gomb,inq28",6DiV4eqqgwA,,rewrite as evergreen guide; attach to game/technique,
/blog/vlogs/preshading-90-goblins/,/guides/preshading-90-goblins/,promote-guide,Preshading 90 Goblins,2025-10-20,253,718,"airbrushing,orcs-and-goblins,warhammer",mGlb6bu-Kr0,,rewrite as evergreen guide; attach to game/technique,warhammer-aos-40k
/blog/vlogs/probably-not-the-worst-chainmail-tutorial-ever/,/guides/probably-not-the-worst-chainmail-tutorial-ever/,promote-guide,Probably Not the Worst Chainmail Tutorial Ever,2026-03-19,14,490,"metallics,painting,speed-painting,dry-brushing,historical-miniatures,tutorial",JD0lp19zBXU,,rewrite as evergreen guide; attach to game/technique,
/blog/vlogs/revisiting-trench-crusade-warband/,/guides/revisiting-trench-crusade-warband/,promote-guide,Revisiting Trench Crusade Warband,2025-11-14,140,402,"trench-crusade,painting",cPcuJIKnGDY,,rewrite as evergreen guide; attach to game/technique,trench-crusade
/blog/vlogs/scenic-and-magnetic-movement-trays-part-1/,/guides/scenic-and-magnetic-movement-trays-part-1/,promote-guide,Scenic and Magnetic Movement Trays Part 1,2026-02-28,14,373,"basing,3d-printing,midgard,vallejo,tutorial",GtZjAdUSPPY,,rewrite as evergreen guide; attach to game/technique,
/blog/vlogs/scenic-movement-trays-part-2/,/guides/scenic-movement-trays-part-2/,promote-guide,Scenic Movement Trays Part 2,2026-03-01,12,474,"basing,vallejo,dry-brushing,midgard,3d-printing",5QrY8wACWA8,,rewrite as evergreen guide; attach to game/technique,
/blog/vlogs/simple-lego-minifig-bases-for-dnd/,/guides/simple-lego-minifig-bases-for-dnd/,promote-guide,Simple Lego Minifig Bases for D&D,2026-01-21,318,737,"lego, dungeons-and-dragons, basing, tutorial, terrain",WLKeHKsmWOk,,rewrite as evergreen guide; attach to game/technique,
/blog/vlogs/solo-roleplaying-session-0-part-1-intro-to-the-system/,/guides/solo-roleplaying-session-0-part-1-intro-to-the-system/,promote-guide,Solo Roleplaying Session 0 Part 1: Intro to the System,2025-11-17,496,2042,"ttrpg,solo-rpg",LQX0rVzr7pM,,rewrite as evergreen guide; attach to game/technique,
/blog/vlogs/spicing-up-some-relic-blade-tokens/,/guides/spicing-up-some-relic-blade-tokens/,promote-guide,Spicing up some relic blade tokens.,2026-05-15,109,92,relicblade,rCxOOcjpM5o,,rewrite as evergreen guide; attach to game/technique,relicblade
/blog/vlogs/starting-a-board-for-necropolis/,/guides/starting-a-board-for-necropolis/,promote-guide,Starting a Board for Necropolis,2026-02-19,12,405,"terrain,solo-rpg",joFnsdf7FXY,,rewrite as evergreen guide; attach to game/technique,
/blog/vlogs/super-fast-osl/,/guides/super-fast-osl/,promote-guide,Super fast OSL,2026-05-11,10,627,"painting,airbrushing,contrast-paints",Tm1N9vwY9N0,,rewrite as evergreen guide; attach to game/technique,
/blog/vlogs/the-best-snow-effect-ever/,/guides/the-best-snow-effect-ever/,promote-guide,The Best Snow Effect Ever,2025-12-05,519,1434,"terrain,snow-effects,tutorial,weathering",r-xUx5fckME,,rewrite as evergreen guide; attach to game/technique,
/blog/vlogs/the-jankiest-rust-tutorial-ever/,/guides/the-jankiest-rust-tutorial-ever/,promote-guide,The Jankiest Rust Tutorial Ever,2025-10-28,399,2583,"weathering,tutorial,dirty-down,orcs-and-goblins,speed-painting",g709O__DW-I,,rewrite as evergreen guide; attach to game/technique,
/blog/vlogs/tips-for-batch-painting-unique-models/,/guides/tips-for-batch-painting-unique-models/,promote-guide,Tips for Batch Painting Unique Models,2026-05-01,13,604,"painting,speed-painting,tutorial,infinity,airbrushing,nmm",-71XuLr-Dd4,,rewrite as evergreen guide; attach to game/technique,infinity
/blog/vlogs/trench-crusade-bases-weathering-finishing-our-warband-part-1/,/guides/trench-crusade-bases-weathering-finishing-our-warband-part-1/,promote-guide,Trench Crusade Bases & Weathering - Finishing our Warband Part 1,2025-09-26,561,2500,"trench-crusade,weathering,tutorial,basing",BQP_fKCozsE,,rewrite as evergreen guide; attach to game/technique,trench-crusade
/blog/vlogs/two-minute-trench-crusade-battle-recap/,/guides/two-minute-trench-crusade-battle-recap/,promote-guide,Two Minute Trench Crusade Battle Recap,2025-11-20,216,312,"trench-crusade,battle-report,event-recap",nrYMC_3l-DA,,rewrite as evergreen guide; attach to game/technique,trench-crusade
/blog/vlogs/using-speed-paints-as-a-wash/,/guides/using-speed-paints-as-a-wash/,promote-guide,Using Speed Paints as a Wash,2026-04-13,13,332,"washes, painting, speed-painting, contrast-paints, battle-report, orcs-and-goblins, airbrushing",rJ9NWlJ1B64,,rewrite as evergreen guide; attach to game/technique,
/blog/vlogs/using-tarot-cards-and-casting-bones-to-create-deeper-roleplaying-characters/,/guides/using-tarot-cards-and-casting-bones-to-create-deeper-roleplaying-characters/,promote-guide,Using Tarot Cards & Casting Bones to Create Deeper Roleplaying Characters,2025-12-12,760,7357,"dolmenwood,ttrpg,solo-rpg",RINsMp9W1-s,,rewrite as evergreen guide; attach to game/technique,dolmenwood
/blog/vlogs/victrix-historical-miniatures-review/,/guides/victrix-historical-miniatures-review/,promote-guide,Victrix Historical Miniatures Review,2026-03-03,11,367,"historical-miniatures,review,midgard",ivJsm7g728Q,,rewrite as evergreen guide; attach to game/technique,
/blog/vlogs/working-with-3d-prints/,/guides/working-with-3d-prints/,promote-guide,Working with 3D Prints,2025-11-11,347,813,3d-printing,b_HDcP4SuB4,,rewrite as evergreen guide; attach to game/technique,
/blog/vlogs/international-lego-day-and-kdm-episode-6/,/series/kingdom-death-monster/international-lego-day-and-kdm-episode-6/,series,International Lego Day and KDM Episode 6,2026-01-29,445,5381,"kingdom-death,kdm-hesychia,lego,solo-rpg,ttrpg",11UWJ_dI5Go,,KDM blind campaign series,kingdom-death-monster
/blog/vlogs/kal-arath-episode-2/,/series/kal-arath/kal-arath-episode-2/,series,Kal Arath Episode 2,2026-05-04,11,1532,"kal-arath,solo-rpg",2m6o1Wajg-A,,Kal Arath live play series,kal-arath
/blog/vlogs/kal-arath-episode-4/,/series/kal-arath/kal-arath-episode-4/,series,Kal Arath Episode 4,2026-05-08,11,866,"kal-arath,solo-rpg",1cOSjcVHSGI,,Kal Arath live play series,kal-arath
/blog/vlogs/kal-arath-live-play-episode-3/,/series/kal-arath/kal-arath-live-play-episode-3/,series,Kal Arath Live Play Episode 3,2026-05-05,13,985,"kal-arath,solo-rpg",LQd3wUo9FgY,,Kal Arath live play series,kal-arath
/blog/vlogs/kal-arath-live-play-session-1/,/series/kal-arath/kal-arath-live-play-session-1/,series,Kal Arath Live Play Session 1,2026-04-17,13,2872,"solo-rpg,kal-arath",2_g2ZQ2E_0E,,Kal Arath live play series,kal-arath
/blog/vlogs/kdm-episode-7/,/series/kingdom-death-monster/kdm-episode-7/,series,KDM Episode 7: Settlement Phase and Party Building,2026-01-29,387,2241,"kingdom-death,kdm-hesychia,solo-rpg",2AQ3WFIZgjs,,KDM blind campaign series,kingdom-death-monster
/blog/vlogs/kdm-episode-8-screaming-antelope-hunt-phase/,/series/kingdom-death-monster/kdm-episode-8-screaming-antelope-hunt-phase/,series,KDM Episode 8: Screaming Antelope Hunt Phase,2026-02-01,336,1092,"kingdom-death,kdm-hesychia,solo-rpg",QkvYdPEftsA,,KDM blind campaign series,kingdom-death-monster
/blog/vlogs/kdm-settlement-1-ep-3-our-first-hunt/,/series/kingdom-death-monster/kdm-settlement-1-ep-3-our-first-hunt/,series,KDM Settlement 1 Episode 3 - Our First Hunt,2026-01-25,657,3327,"kingdom-death,kdm-hesychia,solo-rpg",FrEXnCJSQAo,,KDM blind campaign series,kingdom-death-monster
/blog/vlogs/kingdom-death-monster-1st-butcher-fight-part-1/,/series/kingdom-death-monster/kingdom-death-monster-1st-butcher-fight-part-1/,series,Kingdom Death Monster: 1st Butcher Fight - Part 1,2026-02-08,16,341,"kingdom-death,solo-rpg,ttrpg",Grnu1fzjpmg,,KDM blind campaign series,kingdom-death-monster
/blog/vlogs/kingdom-death-monster-antelope-fight/,/series/kingdom-death-monster/kingdom-death-monster-antelope-fight/,series,Kingdom Death Monster: Antelope Fight,2026-02-04,12,498,"kingdom-death,solo-rpg,ttrpg",NZPi_m412f8,,KDM blind campaign series,kingdom-death-monster
/blog/vlogs/kingdom-death-monster-blind-playthrough-part1-setup/,/series/kingdom-death-monster/kingdom-death-monster-blind-playthrough-part1-setup/,series,Kingdom Death Monster Blind Playthrough Part 1: Setup,2026-01-22,500,2177,"kingdom-death,kdm-hesychia,solo-rpg,unboxing,workspace",XbSRLWFtUTk,,KDM blind campaign series,kingdom-death-monster
/blog/vlogs/kingdom-death-monster-butcher/,/series/kingdom-death-monster/kingdom-death-monster-butcher/,series,Kingdom Death Monster: Butcher (Part 2),2026-02-09,13,519,"kingdom-death,solo-rpg,ttrpg",AQgw_WNGrqo,,KDM blind campaign series,kingdom-death-monster
/blog/vlogs/kingdom-death-monster-episode-4/,/series/kingdom-death-monster/kingdom-death-monster-episode-4/,series,Kingdom Death Monster Episode 4,2026-01-27,631,8599,"kingdom-death,kdm-hesychia,solo-rpg",ylL1oLn8roE,,KDM blind campaign series,kingdom-death-monster
/blog/vlogs/kingdom-death-monster-episode-5/,/series/kingdom-death-monster/kingdom-death-monster-episode-5/,series,Kingdom Death Monster - Episode 5,2026-01-27,540,6683,"kingdom-death,kdm-hesychia,solo-rpg",0ZNVWytveDU,,KDM blind campaign series,kingdom-death-monster
/blog/vlogs/kingdom-death-monster-lantern-year-4-settlement-phase/,/series/kingdom-death-monster/kingdom-death-monster-lantern-year-4-settlement-phase/,series,Kingdom Death Monster: Lantern Year 4 Settlement Phase,2026-02-05,15,486,"kingdom-death,solo-rpg,ttrpg",IfGZAHjOT5g,,KDM blind campaign series,kingdom-death-monster
/blog/vlogs/kingdom-death-monster-lantern-year-5/,/series/kingdom-death-monster/kingdom-death-monster-lantern-year-5/,series,Kingdom Death Monster - Lantern Year 5,2026-02-12,14,437,"kingdom-death,solo-rpg,ttrpg",XFlC3Dx2Gu8,,KDM blind campaign series,kingdom-death-monster
/blog/vlogs/kingdom-death-monster-settlement-1-ep-2/,/series/kingdom-death-monster/kingdom-death-monster-settlement-1-ep-2/,series,Kingdom Death Monster - Settlement 1 Episode 2,2026-01-24,512,3090,"kingdom-death,kdm-hesychia,solo-rpg",LyBmt-fP3vM,,KDM blind campaign series,kingdom-death-monster
/blog/vlogs/kingdom-death-monster-settlement-1-episode-1/,/series/kingdom-death-monster/kingdom-death-monster-settlement-1-episode-1/,series,Kingdom Death Monster: Settlement 1 - Episode 1,2026-01-23,445,4255,"kingdom-death,kdm-hesychia,solo-rpg",UKR52kvg6K0,,KDM blind campaign series,kingdom-death-monster
/blog/vlogs/next-episode-of-kal-arath-is-almost-ready/,/series/kal-arath/next-episode-of-kal-arath-is-almost-ready/,series,Next Episode of Kal Arath is Almost Ready,2026-05-02,15,41,"kal-arath,solo-rpg",z-z9Fh90H8w,,Kal Arath live play series,kal-arath
