Top pages,Clicks,Impressions,CTR,Position
https://hobbinomicon.com/games/motley-crews/,431,2677,16.1%,4.22
https://hobbinomicon.com/games/wanted-reward-cc10000/,131,852,15.38%,5.37
https://hobbinomicon.com/blog/articles/online-painting-competitions-2026/,128,2140,5.98%,7.45
https://hobbinomicon.com/games/kal-arath/,57,2482,2.3%,7.53
https://hobbinomicon.com/games/monster-friends-battle-for-new-florida/,51,564,9.04%,4.25
https://hobbinomicon.com/people/tanner-simpson/,44,555,7.93%,6.64
https://hobbinomicon.com/games/omen-tide/,39,1233,3.16%,5.9
https://hobbinomicon.com/blog/vlogs/how-to-paint-pale-orc-skin-orktober-paintingwarhammer-warhammer40k-ageofsigmar/,27,417,6.47%,7.36
https://hobbinomicon.com/blog/resources/mageknight-meta-checklist/,22,451,4.88%,8.12
https://hobbinomicon.com/blog/vlogs/how-to-paint-crucible-guard-green/,17,158,10.76%,7.3
https://hobbinomicon.com/blog/vlogs/victrix-historical-miniatures-review/,15,468,3.21%,19.35
https://hobbinomicon.com/games/relicblade/,14,853,1.64%,8.61
https://hobbinomicon.com/blog/vlogs/how-to-create-a-dolmenwood-character/,13,954,1.36%,9.17
https://hobbinomicon.com/games/tspn/,13,349,3.72%,7.66
https://hobbinomicon.com/games/warmachine/,12,1255,0.96%,17.95
https://hobbinomicon.com/blog/resources/mageknight-metals-checklist/,12,527,2.28%,9.74
https://hobbinomicon.com/blog/vlogs/how-to-paint-trench-pilgrims-fast/,11,347,3.17%,8.24
https://hobbinomicon.com/blog/vlogs/how-to-start-playing-necromunda-easily/,10,847,1.18%,10.52
https://hobbinomicon.com/blog/vlogs/kal-arath-live-play-session-1/,10,488,2.05%,9.86
https://hobbinomicon.com/,10,120,8.33%,8.16
https://hobbinomicon.com/blog/vlogs/how-to-paint-trench-crusade-communicant/,7,116,6.03%,8.05
https://hobbinomicon.com/blog/vlogs/i-received-my-new-relic-blade-plastic-kits/,7,93,7.53%,9.2
https://hobbinomicon.com/blog/resources/warriors-of-athena-figure-list/,7,50,14%,4.92
https://hobbinomicon.com/blog/vlogs/starting-a-board-for-necropolis/,6,49,12.24%,6.63
https://hobbinomicon.com/blog/vlogs/using-speed-paints-as-a-wash/,5,528,0.95%,8.18
https://hobbinomicon.com/blog/resources/solo-coop-gaming-resources/,5,101,4.95%,9.47
https://hobbinomicon.com/news/dwarf-solo-hex-crawl-released/,5,100,5%,5.52
https://hobbinomicon.com/blog/vlogs/how-to-paint-the-anchorite-shrine/,5,70,7.14%,7
https://hobbinomicon.com/tags/prima-materia/,5,9,55.56%,5.11
https://hobbinomicon.com/news/monster-friends-monster-cards-released/,4,145,2.76%,7.83
https://hobbinomicon.com/blog/vlogs/goblin-skin-recipe/,4,115,3.48%,10.29
https://hobbinomicon.com/getting-good-warmachine-the-lists/,4,75,5.33%,9.24
https://hobbinomicon.com/studios/castle-grief/,3,116,2.59%,8.16
https://hobbinomicon.com/blog/vlogs/my-favorite-trench-crusade-bases/,3,103,2.91%,8.92
https://hobbinomicon.com/blog/campaigns/dolmenwood/,3,98,3.06%,20.33
https://hobbinomicon.com/blog/resources/trench-crusade-resources/,3,89,3.37%,26.44
https://hobbinomicon.com/buy-sell-trade/,3,22,13.64%,10.45
https://hobbinomicon.com/blog/resources/warriors-of-athena-figure-list,3,4,75%,2.75
https://hobbinomicon.com/blog/vlogs/first-one-piece-event-prep/,2,177,1.13%,9.25
https://hobbinomicon.com/blog/vlogs/kingdom-death-monster-settlement-1-episode-1/,2,169,1.18%,14.34
https://hobbinomicon.com/blog/vlogs/how-to-paint-bronze-part-2/,2,130,1.54%,22.13
https://hobbinomicon.com/games/mage-knight/,2,121,1.65%,7.03
https://hobbinomicon.com/news/deathbringer-backerkit-live/,2,120,1.67%,8.49
https://hobbinomicon.com/blog/vlogs/how-to-use-dirty-down-rust-creating-blood-gore-part-2/,2,63,3.17%,7.52
https://hobbinomicon.com/blog/vlogs/building-sunrot-miscast-and-newest-gardens-of-hecate-minis/,2,49,4.08%,10.69
https://hobbinomicon.com/blog/vlogs/another-dolmenwood-miniature-done/,2,46,4.35%,7.46
https://hobbinomicon.com/blog/vlogs/dolmenwood-unboxing/,2,36,5.56%,11.58
https://hobbinomicon.com/blog/resources/mageknight-meta,2,32,6.25%,7.12
https://hobbinomicon.com/blog/vlogs/my-minimal-solo-rpg-kit/,2,31,6.45%,10.29
https://hobbinomicon.com/blog/vlogs/lego-dnd-prep/,2,28,7.14%,9.04
https://hobbinomicon.com/blog/resources/chainmail-miniatures-checklist/,2,27,7.41%,19.33
https://hobbinomicon.com/blog/vlogs/dolemwood-players-book-flip-through,2,27,7.41%,19.81
https://hobbinomicon.com/blog/vlogs/new-warmachine-caster/,2,26,7.69%,6.35
https://hobbinomicon.com/blog/resources/mageknight-resources/,2,26,7.69%,8.04
https://hobbinomicon.com/blog/vlogs/crucible-guard-base-test-results/,2,21,9.52%,8.29
https://hobbinomicon.com/blog/vlogs/taking-a-look-at-inquisitor-kroyle/,2,19,10.53%,6.79
https://hobbinomicon.com/blog/vlogs/how-to-prepare-bases-for-an-entire-army-quickly-and-cheaply/,2,19,10.53%,20.53
https://hobbinomicon.com/blog/vlogs/making-stats-for-our-teaspoon-pet/,2,16,12.5%,8.75
https://hobbinomicon.com/orcs-goblins/,2,14,14.29%,8.21
https://hobbinomicon.com/blog/vlogs/necromunda-kitbashing-and-giveaway-winners/,1,167,0.6%,9.23
https://hobbinomicon.com/blog/vlogs/dolemwood-players-book-flip-through/,1,166,0.6%,9.2
https://hobbinomicon.com/news/castle-grief-dungeon-wilderness-stamps/,1,108,0.93%,8.54
https://hobbinomicon.com/blog/vlogs/dolmenwood-players-book-flip-through/,1,105,0.95%,9.89
https://hobbinomicon.com/blog/vlogs/kingdom-death-monster-1st-butcher-fight-part-1/,1,93,1.08%,8.52
https://hobbinomicon.com/blog/vlogs/necromunda-kitbashing-giveaway-winners/,1,85,1.18%,8.48
https://hobbinomicon.com/blog/vlogs/kingdom-death-monster-blind-playthrough-part1-setup/,1,54,1.85%,17.59
https://hobbinomicon.com/games/skirmish/,1,53,1.89%,15.28
https://hobbinomicon.com/blog/resources/mageknight-army-checklist/,1,49,2.04%,10.73
https://hobbinomicon.com/blog/vlogs/how-to-paint-red-airbrush-vs-drybrush/,1,47,2.13%,9.98
https://hobbinomicon.com/blog/resources/mageknight-attacking-by-numbers/,1,44,2.27%,11.8
https://hobbinomicon.com/blog/vlogs/kdm-episode-8-screaming-antelope-hunt-phase/,1,43,2.33%,15.88
https://hobbinomicon.com/blog/vlogs/how-to-paint-pale-orc-flesh/,1,42,2.38%,7.81
https://hobbinomicon.com/studios/,1,41,2.44%,7.63
https://hobbinomicon.com/blog/vlogs/how-to-paint-red---airbrush-vs-drybrush/,1,36,2.78%,8.72
https://hobbinomicon.com/blog/vlogs/making-a-mold-to-recast-and-customize-miniatures/,1,35,2.86%,8.6
https://hobbinomicon.com/blog/vlogs/how-to-paint-leather-with-just-two-colors/,1,34,2.94%,10.21
https://hobbinomicon.com/blog/vlogs/the-best-snow-effect-ever/,1,26,3.85%,11.69
https://hobbinomicon.com/blog/vlogs/making-zines-is-easy-with-the-right-tools/,1,25,4%,10.36
https://hobbinomicon.com/studios/metal-king-studio/,1,23,4.35%,6.78
https://hobbinomicon.com/blog/vlogs/daily-vlog-174-painting-purple-flesh/,1,23,4.35%,9.57
https://hobbinomicon.com/blog/vlogs/paint-a-trench-pilgrim-warband-in-2-hours/,1,23,4.35%,9.7
https://hobbinomicon.com/blog/vlogs/infernal-diaries-day-1/,1,22,4.55%,5.86
https://hobbinomicon.com/blog/vlogs/3d-printing-kdm-terrain/,1,22,4.55%,7.41
https://hobbinomicon.com/blog/vlogs/almost-done-with-dolmenwood-breggle-mini/,1,19,5.26%,7.63
https://hobbinomicon.com/blog/vlogs/how-to-speed-paint-faces/,1,19,5.26%,7.68
https://hobbinomicon.com/blog/vlogs/2-color-nmm-easy-peasy-style/,1,17,5.88%,8.71
https://hobbinomicon.com/tags/gang-builder/,1,17,5.88%,24.76
https://hobbinomicon.com/games/solo/,1,16,6.25%,7.31
https://hobbinomicon.com/blog/articles/online-painting-competitions-2026,1,16,6.25%,7.75
https://hobbinomicon.com/tags/orcs-and-goblins/,1,15,6.67%,10.4
https://hobbinomicon.com/blog/vlogs/i-finally-painted-a-goblin/,1,12,8.33%,10.58
https://hobbinomicon.com/trench-crusade-campaign-1/,1,11,9.09%,7.73
https://hobbinomicon.com/categories/resources/,1,11,9.09%,14.82
https://hobbinomicon.com/blog/vlogs/my-minimal-solo-rpg-kit,1,9,11.11%,8
https://hobbinomicon.com/blog/vlogs/i-cleaned-my-workbench/,1,7,14.29%,5.71
https://hobbinomicon.com/blog/vlogs/old-school-sand-bases/,1,6,16.67%,32.17
https://hobbinomicon.com/blog/vlogs/these-miniatures-changed-how-i-looked-at-the-hobby/,1,5,20%,8
https://hobbinomicon.com/tags/crucible-guard/,1,5,20%,15
https://hobbinomicon.com/blog/vlogs/warmachine-event-photos/,1,4,25%,4.5
https://hobbinomicon.com/blog/vlogs/lava-rock-diorama-for-teaspoon-part-1/,1,4,25%,6.5
https://hobbinomicon.com/blog/vlogs/smashbash-build-begins/,1,4,25%,6.5
https://hobbinomicon.com/blog/characters/crownandskull/mordryth/,1,3,33.33%,1
https://hobbinomicon.com/tags/lychee-slicer/,1,3,33.33%,2.67
https://hobbinomicon.com/tags/children-of-gomb/,1,3,33.33%,5.33
https://hobbinomicon.com/blog/vlogs/another-random-hobby-day/,1,3,33.33%,7
https://hobbinomicon.com/blog/vlogs/building-sunrot-miscast-and-newest-gardens-of-hecate-minis,1,3,33.33%,10
https://hobbinomicon.com/blog/vlogs/starting-my-entry-for-children-of-gomb,1,2,50%,3
https://hobbinomicon.com/tags/steamforged-games/,1,2,50%,9
https://hobbinomicon.com/tags/metal-king-studio/,1,2,50%,53.5
https://hobbinomicon.com/blog/vlogs/smashbash-build-begins,1,1,100%,1
https://hobbinomicon.com/blog/vlogs/wtf-is-a-rectifier/,1,1,100%,5
https://hobbinomicon.com/tags/hobby-zen/,1,1,100%,10
https://hobbinomicon.com/blog/vlogs/kdm-episode-7/,0,228,0%,19.53
https://hobbinomicon.com/blog/vlogs/kdm-settlement-1-ep-3-our-first-hunt/,0,205,0%,11.48
https://hobbinomicon.com/blog/vlogs/kingdom-death-monster-settlement-1-ep-2/,0,203,0%,12.43
https://hobbinomicon.com/blog/vlogs/how-i-clean-my-resin-3d-prints/,0,202,0%,21.76
https://hobbinomicon.com/games/trench-crusade/,0,181,0%,9.69
https://hobbinomicon.com/blog/vlogs/kingdom-death-monster-butcher/,0,158,0%,10.04
https://hobbinomicon.com/blog/vlogs/kingdom-death-monster-episode-4/,0,156,0%,19.42
https://hobbinomicon.com/blog/vlogs/painting-a-belt-buckle/,0,151,0%,10.24
https://hobbinomicon.com/blog/vlogs/painting-a-leather-belt/,0,118,0%,11.47
https://hobbinomicon.com/games/warmachine,0,118,0%,53.4
https://hobbinomicon.com/blog/vlogs/how-to-start-commission-painting-and-why-you-maybe-shouldn-t/,0,113,0%,7.86
https://hobbinomicon.com/blog/vlogs/my-tips-on-buying-selling-trading-warhammer-miniatures/,0,113,0%,8.76
https://hobbinomicon.com/news/gloam-one-page-adventure-jam/,0,103,0%,9.74
https://hobbinomicon.com/blog/resources/mageknight-stormfox-newbie-guide/,0,101,0%,10.15
https://hobbinomicon.com/blog/vlogs/using-speed-paints-as-a-wash,0,91,0%,7.74
https://hobbinomicon.com/blog/vlogs/another-warmachine-update-video/,0,86,0%,16.3
https://hobbinomicon.com/blog/vlogs/kingdom-death-monster-lantern-year-5/,0,83,0%,11.1
https://hobbinomicon.com/blog/resources/mageknight-movement-positioning/,0,78,0%,12.21
https://hobbinomicon.com/blog/vlogs/how-i-clean-resin-3d-print/,0,70,0%,18.99
https://hobbinomicon.com/blog/vlogs/i-fixed-my-contrast-paint-problems/,0,67,0%,8.97
https://hobbinomicon.com/blog/vlogs/kingdom-death-monster-lantern-year-4-settlement-phase/,0,67,0%,12.55
https://hobbinomicon.com/blog/vlogs/fixing-warped-terrain-boards/,0,65,0%,8.37
https://hobbinomicon.com/blog/vlogs/simple-lego-minifig-bases-for-dnd/,0,59,0%,8.69
https://hobbinomicon.com/blog/campaigns/kingdom-death/,0,58,0%,17.16
https://hobbinomicon.com/blog/vlogs/just-a-video-about-painting-a-belt-buckle/,0,52,0%,8.88
https://hobbinomicon.com/blog/vlogs/two-minute-trench-crusade-battle-recap/,0,46,0%,8.98
https://hobbinomicon.com/blog/vlogs/make-your-own-base-texture/,0,45,0%,8.98
https://hobbinomicon.com/blog/vlogs/kingdom-death-monster-antelope-fight/,0,43,0%,10.67
https://hobbinomicon.com/videos/kingdom-death-monster/,0,43,0%,14.53
https://hobbinomicon.com/blog/resources/mageknight-shakti-strategy-tactics,0,42,0%,9.05
https://hobbinomicon.com/tags/dolmenwood/,0,42,0%,13.1
https://hobbinomicon.com/blog/vlogs/how-to-paint-orc-skin/,0,41,0%,10.02
https://hobbinomicon.com/blog/resources/mageknight-army-themes/,0,39,0%,10.54
https://hobbinomicon.com/blog/characters/dolmenwood/thorek-duskworn/,0,38,0%,10.79
https://hobbinomicon.com/news/bellwoken-whimsical-army-set/,0,36,0%,8.42
https://hobbinomicon.com/blog/characters/dolmenwood/eloryn-vale/,0,35,0%,7.49
https://hobbinomicon.com/blog/characters/crownandskull/vyr/,0,35,0%,7.54
https://hobbinomicon.com/blog/vlogs/highlighting-red/,0,35,0%,9.69
https://hobbinomicon.com/studios/steamforged-games/,0,33,0%,12.03
https://hobbinomicon.com/blog/vlogs/a-new-way-to-paint-skeletons/,0,33,0%,22.45
https://hobbinomicon.com/blog/vlogs/trench-crusade-bases-weathering-finishing-our-warband-part-1/,0,31,0%,8.97
https://hobbinomicon.com/blog/resources/warmachine-resources/,0,30,0%,8.8
https://hobbinomicon.com/blog/vlogs/my-favorite-bases-for-trench-crusade/,0,29,0%,8.34
https://hobbinomicon.com/about/,0,29,0%,10.14
https://hobbinomicon.com/blog/vlogs/how-to-paint-white-robes/,0,28,0%,10.29
https://hobbinomicon.com/blog/vlogs/how-to-make-terrain-glue/,0,28,0%,16.57
https://hobbinomicon.com/studios/orc-the-brand/,0,27,0%,4.78
https://hobbinomicon.com/studios/corvus-belli/,0,27,0%,7.52
https://hobbinomicon.com/games/narrative/,0,27,0%,8.11
https://hobbinomicon.com/blog/resources/mageknight-killing-uniques/,0,26,0%,9.27
https://hobbinomicon.com/blog/resources/mageknight-shades-melee-swarm/,0,26,0%,9.73
https://hobbinomicon.com/blog/vlogs/how-to-paint-talons-and-toesies/,0,25,0%,7.8
https://hobbinomicon.com/blog/vlogs/probably-not-the-worst-chainmail-tutorial-ever/,0,24,0%,8.33
https://hobbinomicon.com/blog/vlogs/building-more-figures-for-trench-crusade/,0,24,0%,8.54
https://hobbinomicon.com/videos/kitbashing-and-army-projects/,0,23,0%,10.65
https://hobbinomicon.com/blog/vlogs/easy-mode-goblin-faces/,0,22,0%,8.73
https://hobbinomicon.com/categories/vlogs/,0,22,0%,10.68
https://hobbinomicon.com/disclaimer/,0,21,0%,5.14
https://hobbinomicon.com/blog/vlogs/kingdom-death-monster-episode-5/,0,21,0%,14
https://hobbinomicon.com/blog/vlogs/international-lego-day-and-kdm-episode-6/,0,20,0%,11.05
https://hobbinomicon.com/blog/vlogs/using-tarot-cards-and-casting-bones-to-create-deeper-roleplaying-characters/,0,20,0%,16.85
https://hobbinomicon.com/blog/vlogs/dolmenwood-pokedex-project-ep-1/,0,19,0%,9.42
https://hobbinomicon.com/blog/vlogs/the-jankiest-rust-tutorial-ever/,0,19,0%,9.42
https://hobbinomicon.com/blog/resources/mageknight-threat-counterthreat/,0,19,0%,11
https://hobbinomicon.com/blog/vlogs/other-ways-to-sell-your-hobby-stuff-besides-ebay/,0,18,0%,8.56
https://hobbinomicon.com/projects/dusk-final-hunt/,0,16,0%,5.94
https://hobbinomicon.com/blog/vlogs/how-to-start-playing-necromunda-easily,0,16,0%,9.19
https://hobbinomicon.com/blog/vlogs/dolmenwood-official-figures-dolmenwood-miniature-dungeonsanddragons/,0,16,0%,10.19
https://hobbinomicon.com/people/carlos-vigo/,0,15,0%,2.13
https://hobbinomicon.com/studios/nubmark/,0,15,0%,5.8
https://hobbinomicon.com/blog/vlogs/how-to-wash-bright-red/,0,15,0%,8.53
https://hobbinomicon.com/blog/vlogs/how-to-turn-foam-to-stone/,0,15,0%,10.2
https://hobbinomicon.com/blog/vlogs/getting-the-most-out-of-dirty-down-moss/,0,14,0%,6.71
https://hobbinomicon.com/blog/vlogs/do-you-play-solo-or-coop-rpgs/,0,14,0%,8.5
https://hobbinomicon.com/games/,0,14,0%,14.5
https://hobbinomicon.com/blog/vlogs/kingdom-death-monster-episode-4,0,14,0%,21.5
https://hobbinomicon.com/blog/articles/rss-feeds/,0,13,0%,8.77
https://hobbinomicon.com/blog/vlogs/tips-for-batch-painting-unique-models/,0,13,0%,9.08
https://hobbinomicon.com/blog/vlogs/mage-knight-dungeons-solo/,0,13,0%,9.92
https://hobbinomicon.com/blog/resources/solo-coop-gaming-resources,0,13,0%,13.08
https://hobbinomicon.com/listing/museum-of-london/,0,13,0%,92.31
https://hobbinomicon.com/category/videos/,0,12,0%,3.17
https://hobbinomicon.com/videos/painting-trench-crusade/,0,12,0%,7.92
https://hobbinomicon.com/blog/vlogs/how-to-make-scratch-built-terrain-indestructible/,0,12,0%,8.42
https://hobbinomicon.com/explore/,0,12,0%,8.42
https://hobbinomicon.com/blog/resources/mageknight-meta/,0,12,0%,8.67
https://hobbinomicon.com/blog/vlogs/how-to-glaze-for-fun-and-profit/,0,12,0%,9.33
https://hobbinomicon.com/blog/campaigns/kingdom-death/settlement-1/,0,12,0%,13.08
https://hobbinomicon.com/blog/campaigns/kingdom-death,0,12,0%,13.42
https://hobbinomicon.com/blog/vlogs/how-to-marble-paper/,0,12,0%,53.42
https://hobbinomicon.com/people/,0,11,0%,6.27
https://hobbinomicon.com/blog/characters/crownandskull/ryva/,0,11,0%,6.91
https://hobbinomicon.com/blog/vlogs/midnight-kitbashing-continues/,0,11,0%,7.64
https://hobbinomicon.com/blog/vlogs/anime-filler-episode/,0,11,0%,8
https://hobbinomicon.com/projects/orcs-and-goblins-army/,0,11,0%,8.18
https://hobbinomicon.com/blog/vlogs/20-minute-purple-robe/,0,11,0%,8.27
https://hobbinomicon.com/tags/mage-knight/,0,11,0%,9.45
https://hobbinomicon.com/people/nubmark/,0,10,0%,6.8
https://hobbinomicon.com/blog/vlogs/how-not-to-paint-yellow-warmachine-update/,0,10,0%,9.2
https://hobbinomicon.com/blog/vlogs/why-are-3d-sculpted-models-so-overly-detailed/,0,10,0%,10.2
https://hobbinomicon.com/tags/necromunda/,0,10,0%,10.2
https://hobbinomicon.com/tags/painting/,0,10,0%,12.1
https://hobbinomicon.com/videos/solo-rpg-toolkit/,0,10,0%,12.5
https://hobbinomicon.com/projects/,0,9,0%,2.56
https://hobbinomicon.com/privacy-policy/,0,9,0%,5
https://hobbinomicon.com/blog/vlogs/how-to-use-dirty-down-rust-creating-blood-gore---part-2/,0,9,0%,7.56
https://hobbinomicon.com/projects/crucible-guard/,0,9,0%,9
https://hobbinomicon.com/blog/vlogs/two-minute-trench-crusade-battle-recap,0,9,0%,9.89
https://hobbinomicon.com/blog/vlogs/how-to-paint-brass-gold/,0,9,0%,14.78
https://hobbinomicon.com/blog/vlogs/casting-my-own-bases/,0,9,0%,15.33
https://hobbinomicon.com/blog/vlogs/mail-day-rare-ral-partha-and-mage-knight-metals/,0,9,0%,18.33
https://hobbinomicon.com/tags/alternate-history/,0,9,0%,26.22
https://hobbinomicon.com/blog/vlogs/warmachine-winter-wonderland-event-photos/,0,8,0%,5.5
https://hobbinomicon.com/blog/characters/crownandskull/cylena/,0,8,0%,8.62
https://hobbinomicon.com/blog/bokur-brawl-ig-lists/,0,8,0%,8.88
https://hobbinomicon.com/blog/vlogs/another-easy-way-to-paint-faces/,0,8,0%,18.12
https://hobbinomicon.com/projects/trench-pilgrims/,0,8,0%,31.75
https://hobbinomicon.com/terms-of-service/,0,7,0%,4
https://hobbinomicon.com/blog/characters/crownandskull/lanyssa/,0,7,0%,4.43
https://hobbinomicon.com/categories/articles/,0,7,0%,5.14
https://hobbinomicon.com/categories/tutorials/,0,7,0%,5.29
https://hobbinomicon.com/blog/vlogs/mail-day-and-what-s-coming-next/,0,7,0%,7.43
https://hobbinomicon.com/portfolio/trench-crusade/,0,7,0%,8.86
https://hobbinomicon.com/blog/vlogs/cracking-dungeons-and-dragons-packs-from-1992/,0,7,0%,9.43
https://hobbinomicon.com/blog/vlogs/next-episode-of-kal-arath-is-almost-ready/,0,7,0%,12.57
https://hobbinomicon.com/blog/3/,0,6,0%,2.83
https://hobbinomicon.com/tags/warmachine/,0,6,0%,6.67
https://hobbinomicon.com/blog/vlogs/almost-done-with-dolmenwood-breggle-mini,0,6,0%,7.17
https://hobbinomicon.com/blog/vlogs/solo-roleplaying-session-0-part-1-intro/,0,6,0%,7.17
https://hobbinomicon.com/projects/dolmenwood-pokedex/,0,6,0%,7.83
https://hobbinomicon.com/games/graveyard/,0,6,0%,8.17
https://hobbinomicon.com/blog/characters/dolmenwood/rollo/,0,6,0%,8.33
https://hobbinomicon.com/blog/vlogs/opening-20-year-old-mage-knight-boosters/,0,6,0%,8.67
https://hobbinomicon.com/blog/vlogs/scenic-and-magnetic-movement-trays-part-1/,0,6,0%,8.67
https://hobbinomicon.com/blog/vlogs/painting-creepy-cartoonish-skin/,0,6,0%,8.83
https://hobbinomicon.com/category/trench-crusade/choir-of-saint-cecilia/,0,6,0%,9
https://hobbinomicon.com/blog/vlogs/slowly-going-insane-removing-mould-lines/,0,6,0%,14.67
https://hobbinomicon.com/blog/bokur-brawl-ig-lists,0,6,0%,14.83
https://hobbinomicon.com/videos/,0,6,0%,27.67
https://hobbinomicon.com/tags/zenithal/,0,6,0%,33.33
https://hobbinomicon.com/blog/vlogs/it-s-ok-to-not-paint-your-miniatures/,0,6,0%,34
https://hobbinomicon.com/categories/news/,0,5,0%,2.2
https://hobbinomicon.com/blog/characters/eloryn-vale/,0,5,0%,4
https://hobbinomicon.com/blog/vlogs/building-and-paint-prep-day/,0,5,0%,6
https://hobbinomicon.com/project-type/web-design/,0,5,0%,6.2
https://hobbinomicon.com/tags/trench-crusade/,0,5,0%,6.2
https://hobbinomicon.com/games/large-scale-army/,0,5,0%,7
https://hobbinomicon.com/blog/vlogs/beware-the-monolith-bearer/,0,5,0%,8
https://hobbinomicon.com/blog/vlogs/crown-and-skull-session-0/,0,5,0%,8
https://hobbinomicon.com/categories/tips/,0,5,0%,8
https://hobbinomicon.com/blog/vlogs/spicing-up-some-relic-blade-tokens/,0,5,0%,8.4
https://hobbinomicon.com/tags/skirmish-game/,0,5,0%,8.4
https://hobbinomicon.com/blog/vlogs/nmm-blue-steel-scales-and-an-existential-crisis/,0,5,0%,8.6
https://hobbinomicon.com/blog/vlogs/may-5-2026/,0,5,0%,8.8
https://hobbinomicon.com/tags/menoth/,0,5,0%,9.4
https://hobbinomicon.com/blog/vlogs/3d-printing-kind-of-sucks/,0,5,0%,9.6
https://hobbinomicon.com/blog/resources/mageknight-army-themes,0,5,0%,11.6
https://hobbinomicon.com/blog/characters/dolmenwood/garrin-vosk/,0,5,0%,27
https://hobbinomicon.com/tags/crown-and-skull/,0,5,0%,55.2
https://hobbinomicon.com/blog/vlogs/vlogging-my-failures-again/,0,4,0%,4.25
https://hobbinomicon.com/people/tyler-russo/,0,4,0%,4.5
https://hobbinomicon.com/tags/kal-arath/,0,4,0%,4.5
https://hobbinomicon.com/vlogs/,0,4,0%,4.75
https://hobbinomicon.com/blog/vlogs/quick-hobby-update/,0,4,0%,5.25
https://hobbinomicon.com/blog/characters/dolmenwood/triste/,0,4,0%,6
https://hobbinomicon.com/campaigns/,0,4,0%,6
https://hobbinomicon.com/people/alberto-vigo/,0,4,0%,6.25
https://hobbinomicon.com/blog/vlogs/painting-butcher-klaus-minicrate/,0,4,0%,7
https://hobbinomicon.com/blog/vlogs/coffee-cup/,0,4,0%,7.25
https://hobbinomicon.com/blog/vlogs/how-to-strip-metal-models-call-to-arms-vlog-prep-day-1/,0,4,0%,7.5
https://hobbinomicon.com/blog/vlogs/another-dolmenwood-miniature-done,0,4,0%,7.75
https://hobbinomicon.com/blog/vlogs/casting-daemon-heads/,0,4,0%,8.75
https://hobbinomicon.com/blog/vlogs/dolmenwood-pok-dex-project-ep-1/,0,4,0%,10
https://hobbinomicon.com/tags/streaking-grime/,0,4,0%,10
https://hobbinomicon.com/blog/vlogs/how-to-create-a-dolmenwood-character,0,4,0%,10.25
https://hobbinomicon.com/blog/vlogs/infernal-diaries-two-quick-channel-update/,0,4,0%,12
https://hobbinomicon.com/blog/campaigns/dolmenwood/season-1/prelude/,0,4,0%,13.25
https://hobbinomicon.com/tags/meridian-miniatures/,0,4,0%,22
https://hobbinomicon.com/category/trench-crusade/,0,4,0%,25.5
https://hobbinomicon.com/blog,0,4,0%,39.75
https://hobbinomicon.com/categories/reviews/,0,4,0%,45.75
https://hobbinomicon.com/august-2025/,0,3,0%,2.33
https://hobbinomicon.com/tags/warrior/,0,3,0%,3.33
https://hobbinomicon.com/tags/strategy/,0,3,0%,4
https://hobbinomicon.com/tags/pillage/,0,3,0%,4.67
https://hobbinomicon.com/tags/hunt-phase,0,3,0%,5
https://hobbinomicon.com/blog/vlogs/i-took-two-days-to-paint-a-candy-cane/,0,3,0%,5.67
https://hobbinomicon.com/blog/vlogs/working-on-ultimate-dungeon-terrain-and-a-whole-day-of-hobbying/,0,3,0%,5.67
https://hobbinomicon.com/blog/vlogs/scenic-movement-trays-part-2/,0,3,0%,6
https://hobbinomicon.com/brand/miscast/,0,3,0%,6
https://hobbinomicon.com/blog/resources/mageknight-shakti-strategy-tactics/,0,3,0%,6.33
https://hobbinomicon.com/blog/vlogs/the-first-miniatures-i-ever-painted/,0,3,0%,6.33
https://hobbinomicon.com/blog/vlogs/bellwoken-whimsical-army-set/,0,3,0%,6.67
https://hobbinomicon.com/blog/vlogs/solo-roleplaying-session-0-part-1-intro-to-the-system/,0,3,0%,6.67
https://hobbinomicon.com/blog/vlogs/painting-some-infinity-models/,0,3,0%,7
https://hobbinomicon.com/tags/solo-gaming/,0,3,0%,7
https://hobbinomicon.com/blog/vlogs/more-progress-on-the-children-of-gomb-entry/,0,3,0%,7.33
https://hobbinomicon.com/people/goobinsgitz/,0,3,0%,7.33
https://hobbinomicon.com/blog/resources/mageknight-army-checklist,0,3,0%,8
https://hobbinomicon.com/blog/vlogs/asmr-drybrushing/,0,3,0%,8
https://hobbinomicon.com/blog/vlogs/its-ok-to-not-paint-your-miniatures/,0,3,0%,8
https://hobbinomicon.com/tags/kingdom-death/,0,3,0%,8
https://hobbinomicon.com/blog/vlogs/how-to-start-commission-painting-and-why-you-maybe-shouldn-t,0,3,0%,8.67
https://hobbinomicon.com/tags/fractured-isles/,0,3,0%,8.67
https://hobbinomicon.com/blog/vlogs/more-progress-on-the-normans/,0,3,0%,9.67
https://hobbinomicon.com/blog/vlogs/sick-q-a/,0,3,0%,9.67
https://hobbinomicon.com/blog/vlogs/i-finished-the-daemon-prince/,0,3,0%,10.33
https://hobbinomicon.com/blog/vlogs/painting-chaosy-green-marble/,0,3,0%,10.67
https://hobbinomicon.com/blog/vlogs/return-of-the-cubes/,0,3,0%,10.67
https://hobbinomicon.com/blog/vlogs/final-mail-day-for-a-while/,0,3,0%,11
https://hobbinomicon.com/blog/vlogs/hobby-vlog-and-terrain-inspiration/,0,3,0%,11.33
https://hobbinomicon.com/tags/tabletop gaming,0,3,0%,12.67
https://hobbinomicon.com/blog/vlogs/highlighting-red,0,3,0%,13
https://hobbinomicon.com/blog/vlogs/i-can-paint-and-ramble-again/,0,3,0%,15.33
https://hobbinomicon.com/blog/vlogs/super-fast-osl/,0,3,0%,18.33
https://hobbinomicon.com/tags/relic-blade/,0,3,0%,22
https://hobbinomicon.com/blog/vlogs/daily-hobby-vlog-update-1/,0,3,0%,24
https://hobbinomicon.com/games/crown-and-skull,0,3,0%,41.67
https://hobbinomicon.com/blog/example-with-media/,0,2,0%,1
https://hobbinomicon.com/category/warmachine/circle-orboros/,0,2,0%,1
https://hobbinomicon.com/tags/showcase/,0,2,0%,3
https://hobbinomicon.com/tags/infinity/,0,2,0%,3.5
https://hobbinomicon.com/tags/kingdom-death,0,2,0%,3.5
https://hobbinomicon.com/blog/vlogs/almost-done-with-the-first-mini-of-2026/,0,2,0%,4.5
https://hobbinomicon.com/blog/vlogs/monster-friends-energy-counter/,0,2,0%,4.5
https://hobbinomicon.com/project-type/branding/,0,2,0%,4.5
https://hobbinomicon.com/blog/16/,0,2,0%,5
https://hobbinomicon.com/blog/vlogs/how-to-glaze-for-fun-and-profit,0,2,0%,5
https://hobbinomicon.com/blog/vlogs/how-to-paint-white-robes,0,2,0%,5
https://hobbinomicon.com/blog/vlogs/i-built-90-goblins-in-5-days/,0,2,0%,5
https://hobbinomicon.com/people/simon-schnitzler/,0,2,0%,5
https://hobbinomicon.com/tags/crown and skull/,0,2,0%,5
https://hobbinomicon.com/blog/vlogs/im-not-a-competitive-wargamer-anymore/,0,2,0%,5.5
https://hobbinomicon.com/categories/videos/,0,2,0%,5.5
https://hobbinomicon.com/store/home,0,2,0%,5.5
https://hobbinomicon.com/tags/board-game/,0,2,0%,5.5
https://hobbinomicon.com/blog/vlogs/building-and-paint-prep-day,0,2,0%,6
https://hobbinomicon.com/tags/assembly,0,2,0%,6
https://hobbinomicon.com/vlog-2-mistakes/,0,2,0%,6
https://hobbinomicon.com/blog/vlogs/i-created-my-first-miniature-thing/,0,2,0%,6.5
https://hobbinomicon.com/blog/vlogs/starting-my-entry-for-children-of-gomb/,0,2,0%,6.5
https://hobbinomicon.com/privacy-policy-2/,0,2,0%,6.5
https://hobbinomicon.com/projects/motley-crews/,0,2,0%,6.5
https://hobbinomicon.com/vlog-1-ez-pz-nmm/,0,2,0%,6.5
https://hobbinomicon.com/blog/vlogs/midnight-kitbashing/,0,2,0%,7
https://hobbinomicon.com/tags/grimdark/,0,2,0%,7.5
https://hobbinomicon.com/tags/nmm/,0,2,0%,7.5
https://hobbinomicon.com/blog/vlogs/kingdom-death-monster-blind-play-through-part1-setup/,0,2,0%,8
https://hobbinomicon.com/product-category/accessories/,0,2,0%,8
https://hobbinomicon.com/tags/airbrush/,0,2,0%,8
https://hobbinomicon.com/tags/personal/,0,2,0%,8
https://hobbinomicon.com/tags/tokens/,0,2,0%,8
https://hobbinomicon.com/blog/vlogs/ceiling-fan-wisdom/,0,2,0%,8.5
https://hobbinomicon.com/blog/vlogs/how-to-paint-talons-toesies/,0,2,0%,8.5
https://hobbinomicon.com/category/videos/daily-vlogs/,0,2,0%,8.5
https://hobbinomicon.com/tags/book-of-antithesis,0,2,0%,8.5
https://hobbinomicon.com/tags/smash-bash/,0,2,0%,8.5
https://hobbinomicon.com/news/kickstarter/,0,2,0%,9
https://hobbinomicon.com/tags/motley-crews/,0,2,0%,9
https://hobbinomicon.com/videos/terrain-and-game-boards/,0,2,0%,9
https://hobbinomicon.com/blog/articles/new-channel-posting-schedule,0,2,0%,9.5
https://hobbinomicon.com/blog/characters/triste/,0,2,0%,9.5
https://hobbinomicon.com/tags/gardens-of-hecate/,0,2,0%,10
https://hobbinomicon.com/blog/vlogs/hobby-vlog-day-95/,0,2,0%,10.5
https://hobbinomicon.com/tags/zorn-palette/,0,2,0%,10.5
https://hobbinomicon.com/blog/vlogs/why-are-3d-sculpted-models-so-overly-detailed,0,2,0%,11
https://hobbinomicon.com/tags/orgoth/,0,2,0%,11
https://hobbinomicon.com/tags/tournament-history,0,2,0%,15
https://hobbinomicon.com/blog/vlogs/finishing-paint-on-the-shack/,0,2,0%,15.5
https://hobbinomicon.com/tags/character-creation/,0,2,0%,16.5
https://hobbinomicon.com/blog/vlogs/hobby-vlog-day-95,0,2,0%,18
https://hobbinomicon.com/blog/vlogs/planning-a-new-hobby-room-layout/,0,2,0%,18.5
https://hobbinomicon.com/tags/orc-skin/,0,2,0%,18.5
https://hobbinomicon.com/blog/vlogs/kal-arath-episode-2/,0,2,0%,19
https://hobbinomicon.com/blog/vlogs/kingdom-death-monster-blind-playthrough-part1-setup,0,2,0%,19.5
https://hobbinomicon.com/blog/vlogs/how-to-prepare-bases-for-an-army-quickly/,0,2,0%,20
https://hobbinomicon.com/blog/vlogs/how-to-get-better-by-playing-yourself/,0,2,0%,22
https://hobbinomicon.com/blog/vlogs/finishing-up-the-dnd-cards/,0,2,0%,22.5
https://hobbinomicon.com/projects/court-of-the-seven-headed-serpent/,0,2,0%,26.5
https://hobbinomicon.com/videos/sculpting-casting-3d-printing/,0,2,0%,27.5
https://hobbinomicon.com/tags/relicblade/,0,2,0%,33.5
https://hobbinomicon.com/blog/campaigns/kingdom-death/settlement-1,0,2,0%,37.5
https://hobbinomicon.com/blog/vlogs/kdm-episode-8-screaming-antelope-hunt-phase,0,2,0%,40
https://hobbinomicon.com/tags/mageknight/,0,2,0%,41.5
"https://hobbinomicon.com/blog/vlogs/kdm-episode-8-screaming-antelope-hunt-phase 
2/",0,2,0%,44.5
https://hobbinomicon.com/july-2025-hobby-log/,0,2,0%,47
https://hobbinomicon.com/tags/tutorial/,0,2,0%,50
https://hobbinomicon.com/blog/vlogs/merging-stl-files-has-me-feeling-like-a-god/,0,2,0%,61
https://hobbinomicon.com/blog/vlogs/painting-dirt-hobby-vlog-99/,0,2,0%,76.5
https://hobbinomicon.com/games/middle-earth-strategy-battle-game,0,2,0%,82
https://hobbinomicon.com/blog/vlogs/new-warmachine-caster,0,1,0%,1
https://hobbinomicon.com/news/monster-friends-wave-2-released/,0,1,0%,1
https://hobbinomicon.com/tags/2026/,0,1,0%,1
https://hobbinomicon.com/tags/books/,0,1,0%,1
https://hobbinomicon.com/tags/ogryn/,0,1,0%,1
https://hobbinomicon.com/tags/resources/,0,1,0%,1
https://hobbinomicon.com/games,0,1,0%,2
https://hobbinomicon.com/pricing/,0,1,0%,2
https://hobbinomicon.com/tags/pillillage/,0,1,0%,2
https://hobbinomicon.com/tags/tournament-history/,0,1,0%,2
https://hobbinomicon.com/blog/characters/rollo/,0,1,0%,3
https://hobbinomicon.com/blog/vlogs/starting-my-first-sculpting-project/,0,1,0%,3
https://hobbinomicon.com/blog/vlogs/using-tarot-cards-and-casting-bones-to-create-deeper-roleplaying-characters,0,1,0%,3
https://hobbinomicon.com/tags/daemon-prince/,0,1,0%,3
https://hobbinomicon.com/tags/miniatures,0,1,0%,3
https://hobbinomicon.com/author/siteadmin/,0,1,0%,4
https://hobbinomicon.com/blog/22/,0,1,0%,4
https://hobbinomicon.com/blog/23/,0,1,0%,4
https://hobbinomicon.com/blog/resources/painting-references-maximus-infinity/,0,1,0%,4
https://hobbinomicon.com/blog/vlogs/highlighting-black/,0,1,0%,4
https://hobbinomicon.com/blog/vlogs/no-making-the-same-mistakes-as-i-usually-do/,0,1,0%,4
https://hobbinomicon.com/blog/vlogs/the-airbrush-lives-again/,0,1,0%,4
https://hobbinomicon.com/product-category/miniatures/miscast/,0,1,0%,4
https://hobbinomicon.com/tags/dirty-down/,0,1,0%,4
https://hobbinomicon.com/tags/fantasy/,0,1,0%,4
https://hobbinomicon.com/tags/goblins/,0,1,0%,4
https://hobbinomicon.com/tags/green-stuff/,0,1,0%,4
https://hobbinomicon.com/tags/grimdark,0,1,0%,4
https://hobbinomicon.com/tags/midgard/,0,1,0%,4
https://hobbinomicon.com/tags/old-school-essentials/,0,1,0%,4
https://hobbinomicon.com/blog/21/,0,1,0%,5
https://hobbinomicon.com/blog/video-ideas/,0,1,0%,5
https://hobbinomicon.com/blog/vlogs/final-mail-day-for-a-while,0,1,0%,5
https://hobbinomicon.com/games/relic-blade/,0,1,0%,5
https://hobbinomicon.com/games/ttrpgs/,0,1,0%,5
https://hobbinomicon.com/tags/,0,1,0%,5
https://hobbinomicon.com/tags/foam/,0,1,0%,5
https://hobbinomicon.com/tags/hobby-philosophy/,0,1,0%,5
https://hobbinomicon.com/the-workshop/,0,1,0%,5
https://hobbinomicon.com/ai-disclosure/,0,1,0%,6
https://hobbinomicon.com/blog/vlogs/another-new-project-kinda/,0,1,0%,6
https://hobbinomicon.com/blog/vlogs/making-a-board-for-motley-crews/,0,1,0%,6
https://hobbinomicon.com/blog/vlogs/opening-20-year-old-mage-knight-boosters,0,1,0%,6
https://hobbinomicon.com/category/nightlife/,0,1,0%,6
https://hobbinomicon.com/tags/booster-opening/,0,1,0%,6
https://hobbinomicon.com/tags/demon-prints/,0,1,0%,6
https://hobbinomicon.com/tags/inq28/,0,1,0%,6
https://hobbinomicon.com/tags/miscast/,0,1,0%,6
https://hobbinomicon.com/tags/pipe-smoke/,0,1,0%,6
https://hobbinomicon.com/tags/war-machine/,0,1,0%,6
https://hobbinomicon.com/tags/warhammer/,0,1,0%,6
https://hobbinomicon.com/blog/articles/new-channel-posting-schedule/,0,1,0%,7
https://hobbinomicon.com/blog/campaigns/crown-and-skull/the-last-watch/chapter-1/,0,1,0%,7
https://hobbinomicon.com/blog/vlogs/hobby-vlog-day-148/,0,1,0%,7
https://hobbinomicon.com/blog/vlogs/kdm-episode-8-screaming-antelope-hunt-phase-2/,0,1,0%,7
https://hobbinomicon.com/blog/vlogs/making-zines-is-easy-with-the-right-tools,0,1,0%,7
https://hobbinomicon.com/blog/vlogs/painting-and-ranting-about-game-design/,0,1,0%,7
https://hobbinomicon.com/blog/vlogs/scratch-building-a-wargame-board-almost-ready-for-paint/,0,1,0%,7
https://hobbinomicon.com/blog/vlogs/showing-off-some-warmachine-minis/,0,1,0%,7
https://hobbinomicon.com/blog/vlogs/starting-the-year-with-true-metal-metallics/,0,1,0%,7
https://hobbinomicon.com/games/hobgoblin,0,1,0%,7
https://hobbinomicon.com/games/home/,0,1,0%,7
https://hobbinomicon.com/tags/3d-printing/,0,1,0%,7
https://hobbinomicon.com/tags/miniswap/,0,1,0%,7
https://hobbinomicon.com/tags/plaster-of-paris/,0,1,0%,7
https://hobbinomicon.com/tags/rahara/,0,1,0%,7
https://hobbinomicon.com/vlogs/10,0,1,0%,7
https://hobbinomicon.com/blog/characters/thorek-duskworn/,0,1,0%,8
https://hobbinomicon.com/blog/vlogs/kdm-episode-7,0,1,0%,8
https://hobbinomicon.com/blog/vlogs/making-a-mold-to-recast-and-customize-miniatures,0,1,0%,8
https://hobbinomicon.com/blog/vlogs/paint-ramble-hobby-pressure/,0,1,0%,8
https://hobbinomicon.com/blog/vlogs/revisiting-trench-crusade-warband/,0,1,0%,8
https://hobbinomicon.com/blog/vlogs/rip-to-my-heat-gun/,0,1,0%,8
https://hobbinomicon.com/categories/projects/,0,1,0%,8
https://hobbinomicon.com/projects/crucible-guard,0,1,0%,8
https://hobbinomicon.com/tags/calarrath/,0,1,0%,8
https://hobbinomicon.com/tags/fifth-division,0,1,0%,8
https://hobbinomicon.com/tags/mental-health/,0,1,0%,8
https://hobbinomicon.com/tags/review/,0,1,0%,8
https://hobbinomicon.com/tags/tufts/,0,1,0%,8
https://hobbinomicon.com/vlogs/8/,0,1,0%,8
https://hobbinomicon.com/blog/vlogs/daily-hobby-vlog-march-13th/,0,1,0%,9
https://hobbinomicon.com/blog/vlogs/finally-primed-the-orcs-goblins/,0,1,0%,9
https://hobbinomicon.com/blog/vlogs/kingdom-death-monster-blind-play-through-part1-setup,0,1,0%,9
https://hobbinomicon.com/blog/vlogs/midnight-kitbashing,0,1,0%,9
https://hobbinomicon.com/blog/vlogs/nmm-blue-steel-scales-and-an-existential-crisis,0,1,0%,9
https://hobbinomicon.com/blog/vlogs/other-ways-to-sell-your-hobby-stuff-besides-ebay,0,1,0%,9
https://hobbinomicon.com/blog/welcome-to-hobbinomicon,0,1,0%,9
https://hobbinomicon.com/tags/bookbinding/,0,1,0%,9
https://hobbinomicon.com/tags/community/,0,1,0%,9
https://hobbinomicon.com/tags/ebay-alternatives/,0,1,0%,9
https://hobbinomicon.com/tags/miniature painting/,0,1,0%,9
https://hobbinomicon.com/tags/new-player/,0,1,0%,9
https://hobbinomicon.com/tags/settlement-phase/,0,1,0%,9
https://hobbinomicon.com/tags/skin-tones/,0,1,0%,9
https://hobbinomicon.com/tags/wargame,0,1,0%,9
https://hobbinomicon.com/videos/miniature-painting-tutorials/,0,1,0%,9
https://hobbinomicon.com/vlog5-turning-foam-in-to-stone/,0,1,0%,9
https://hobbinomicon.com/blog/18/,0,1,0%,10
https://hobbinomicon.com/blog/vlogs/i-cleaned-my-workbench,0,1,0%,10
https://hobbinomicon.com/blog/vlogs/keeping-the-hobby-streak-alive-1/,0,1,0%,10
https://hobbinomicon.com/blog/vlogs/my-first-one-piece-tcg-event/,0,1,0%,10
https://hobbinomicon.com/blog/vlogs/orc-bases-and-flesh/,0,1,0%,10
https://hobbinomicon.com/blog/vlogs/rambling-about-competitive-vs-fun-games/,0,1,0%,10
https://hobbinomicon.com/blog/vlogs/scratch-building-a-wargame-board/,0,1,0%,10
https://hobbinomicon.com/making-a-board-for-motley-crews/,0,1,0%,10
https://hobbinomicon.com/news/,0,1,0%,10
https://hobbinomicon.com/tags/fantasy,0,1,0%,10
https://hobbinomicon.com/tags/gamers-grass/,0,1,0%,10
https://hobbinomicon.com/tags/movement-trays/,0,1,0%,10
https://hobbinomicon.com/tags/new-player,0,1,0%,10
https://hobbinomicon.com/tags/tank/,0,1,0%,10
https://hobbinomicon.com/blog/vlogs/daily-hobby-vlog-update/,0,1,0%,11
https://hobbinomicon.com/blog/vlogs/expanding-our-tile-into-a-full-game-board/,0,1,0%,11
https://hobbinomicon.com/blog/vlogs/how-to-paint-wood/,0,1,0%,11
https://hobbinomicon.com/blog/vlogs/i-received-my-new-relic-blade-plastic-kits,0,1,0%,11
https://hobbinomicon.com/blog/vlogs/slowly-going-insane-removing-mould-lines,0,1,0%,11
https://hobbinomicon.com/tags/belt-buckle/,0,1,0%,11
https://hobbinomicon.com/tags/hobby-motivation/,0,1,0%,11
https://hobbinomicon.com/tags/inq28,0,1,0%,11
https://hobbinomicon.com/tags/molly-crew/,0,1,0%,11
https://hobbinomicon.com/tags/squigs/,0,1,0%,11
https://hobbinomicon.com/blog/vlogs/more-progress-on-everything-im-working-on/,0,1,0%,12
https://hobbinomicon.com/blog/vlogs/vlog-how-to-go-from-0-skills-to-recaster,0,1,0%,12
https://hobbinomicon.com/blog/vlogs/building-kingdom-death-survivors,0,1,0%,13
https://hobbinomicon.com/tags/breggle/,0,1,0%,15
https://hobbinomicon.com/categories/tips,0,1,0%,16
https://hobbinomicon.com/tags/vampire-counts,0,1,0%,16
https://hobbinomicon.com/tags/hobby-vlog,0,1,0%,18
https://hobbinomicon.com/tags/thyra/,0,1,0%,18
https://hobbinomicon.com/blog/vlogs/staying-motivated-during-big-projects/,0,1,0%,19
https://hobbinomicon.com/tags/dark-age/,0,1,0%,22
https://hobbinomicon.com/tags/freehand/,0,1,0%,22
https://hobbinomicon.com/blog/vlogs/kdm-settlement-1-ep-3-our-first-hunt,0,1,0%,23
https://hobbinomicon.com/tags/nilakh-oxide/,0,1,0%,23
https://hobbinomicon.com/tags/recipe,0,1,0%,23
https://hobbinomicon.com/tags/selling-miniatures/,0,1,0%,23
https://hobbinomicon.com/tags/screaming-antelope/,0,1,0%,25
https://hobbinomicon.com/blog/vlogs/one-of-my-new-favorites/,0,1,0%,26
https://hobbinomicon.com/tags/hobby-rock/,0,1,0%,26
https://hobbinomicon.com/blog/vlogs/cracking-dungeons-dragons-packs-from-1992,0,1,0%,27
https://hobbinomicon.com/blog/vlogs/victrix-historical-miniatures-review,0,1,0%,28
https://hobbinomicon.com/videos,0,1,0%,32
https://hobbinomicon.com/blog/news/new-years-indie-sales/,0,1,0%,38
https://hobbinomicon.com/tags/victrix/,0,1,0%,38
https://hobbinomicon.com/blog/vlogs/using-tarot-cards-casting-bones-to-create-deeper-roleplaying-characters/,0,1,0%,39
https://hobbinomicon.com/tags/pin-wash/,0,1,0%,41
https://hobbinomicon.com/getting-good-first-battle-report/,0,1,0%,43
https://hobbinomicon.com/categories/reviews,0,1,0%,46
https://hobbinomicon.com/blog/vlogs/painting-butcher-klaus-minicrate,0,1,0%,50
https://hobbinomicon.com/blog/vlogs/100-sub-giveaway-and-2026-goals/,0,1,0%,51
https://hobbinomicon.com/games/infinity,0,1,0%,57
https://hobbinomicon.com/tags/trading,0,1,0%,89
https://hobbinomicon.com/categories/dramatis-personae/,0,1,0%,95
https://hobbinomicon.com/blog/vlogs/giveaway-winner,0,1,0%,96